language,family,branch,count
Arabic,Afro-Asiatic,Arabic,151
Spanish,Indo-European,Italic,42
French,Indo-European,Italic,39
German,Indo-European,Germanic,24
Portuguese,Indo-European,Italic,20
Hindi,Indo-European,Indo-Iranian,19
Italian,Indo-European,Italic,10
Dutch,Indo-European,Germanic,8
Greek,Indo-European,Greek,6
Punjabi,Indo-European,Indo-Iranian,6
Catalan,Indo-European,Romance,5
Urdu,Indo-European,Indo-Iranian,4
Chinese,Sino-Tibetan,Chinese,4
Telugu,Dravidian,South-Central,3
Nepali,Indo-European,Indo-Iranian,2
Russian,Indo-European,Balto-Slavic,2
Gujarati,Indo-European,Indo-Iranian,2
Japanese,Japonic,Japonic,2
Darija,Afro-Asiatic,Semitic,1
Kannada,Dravidian,Southern,1
Tulu,Dravidian,Southern,1
Korean,Koreanic,Korean,1
Haryanvi,Indo-European,Indo-Iranian,1
Bengali,Indo-European,Indo-Iranian,1
Marathi,Indo-European,Indo-Iranian,1
