,sbj_ID,Age,Gender,Education,L1,L2,L3,L4,otherLs,task,AoAL1,AoEaseL1,yearsEduL1,yearsCountryL1,yearsFamilyL1,yearsWorkL1,PercFriendsL1,PercFamilyL1,PercWorkL1,PercSelfL1,PercCountL1,ProfSpeakL1,ProfUnderstandL1,ProfReadL1,AttentionL1,ProfWriteL1,AttSelfL1,AttCultureL1,AttNativeLevelL1,AttMothertongueL1,HistoryL1Score,HistoryL2Score,HistoryL3Score,HistoryL4Score,UseL1Score,UseL2Score,UseL3Score,UseL4Score,ProficiencyL1Score,ProficiencyL2Score,ProficiencyL3Score,ProficiencyL4Score,AttitudeL1Score,AttitudeL2Score,AttitudeL3Score,AttitudeL4Score,L1Score,L2Score,L3Score,L4Score,AoAL2,AoEaseL2,yearsEduL2,yearsCountryL2,yearsFamilyL2,yearsWorkL2,PercFriendsL2,PercFamilyL2,PercWorkL2,PercSelfL2,PercCountL2,ProfSpeakL2,ProfUnderstandL2,ProfReadL2,AttentionL2,ProfWriteL2,AttSelfL2,AttCultureL2,AttNativeLevelL2,AttMothertongueL2,AoAL3,AoEaseL3,yearsEduL3,yearsCountryL3,yearsFamilyL3,yearsWorkL3,PercFriendsL3,PercFamilyL3,PercWorkL3,PercSelfL3,PercCountL3,ProfSpeakL3,ProfUnderstandL3,ProfReadL3,AttentionL3,ProfWriteL3,AttSelfL3,AttCultureL3,AttNativeLevelL3,AttMothertongueL3,AoAL4,AoEaseL4,yearsEduL4,yearsCountryL4,yearsFamilyL4,yearsWorkL4,PercFriendsL4,PercFamilyL4,PercWorkL4,PercSelfL4,PercCountL4,ProfSpeakL4,ProfUnderstandL4,ProfReadL4,AttentionL4,ProfWriteL4,AttSelfL4,AttCultureL4,AttNativeLevelL4,AttMothertongueL4
0,579e18fc4a84da00014c6f4f,25,Woman,College,english,n/a,n/a,n/a,no,BLP,20,20,20,20,20,20,10,10,10,10,10,6,6,6,true,6,6,6,6,6,54.480000000000004,0.0,0.0,0.0,54.50000000000001,0.0,0.0,0.0,54.480000000000004,0.0,0.0,0.0,54.480000000000004,0.0,0.0,0.0,217.94000000000005,0.0,0.0,0.0,,,,,,,,,,,,,,,,,,,,,,,,,,,,,,,,,,,,,,,,,,,,,,,,,,,,,,,,,,,,
0,5b6aa4aa0d748b0001fb5260,25,Man,PlusCollege,Polish,English,n/a,n/a,no,BLP,20,20,12,20,20,4,9,10,9,8,9,6,6,6,true,5,6,6,6,6,43.584,14.982000000000001,0.0,0.0,49.050000000000004,5.45,0.0,0.0,52.21,40.86,0.0,0.0,54.480000000000004,29.51,0.0,0.0,199.324,90.802,0.0,0.0,13.0,10.0,10.0,0.0,0.0,0.0,1,0,1,2,1,4.0,5.0,6.0,true,3.0,3.0,3.0,3.0,4.0,,,,,,,,,,,,,,,,,,,,,,,,,,,,,,,,,,,,,,,,
0,5c1a6bd8f9250d0001b7c589,19,Woman,PlusCollege,english,na,na,na,na,BLP,20,20,16,20,20,20,10,10,10,10,10,6,6,6,true,6,6,6,6,6,52.664,0.0,0.0,0.0,54.50000000000001,0.0,0.0,0.0,54.480000000000004,0.0,0.0,0.0,54.480000000000004,0.0,0.0,0.0,216.12400000000002,0.0,0.0,0.0,,,,,,,,,,,,,,,,,,,,,,,,,,,,,,,,,,,,,,,,,,,,,,,,,,,,,,,,,,,,
0,5c437f6a4fe4f800016e3d52,24,Man,HighSchool,polish,english,n/a,n/a,no,BLP,20,20,13,20,20,0,10,10,10,8,9,6,6,6,true,6,6,6,6,6,42.222,7.718,0.0,0.0,51.230000000000004,3.2700000000000005,0.0,0.0,54.480000000000004,49.94,0.0,0.0,54.480000000000004,47.67,0.0,0.0,202.41200000000003,108.598,0.0,0.0,13.0,4.0,0.0,0.0,0.0,0.0,0,0,0,2,1,5.0,6.0,6.0,true,5.0,6.0,3.0,6.0,6.0,,,,,,,,,,,,,,,,,,,,,,,,,,,,,,,,,,,,,,,,
0,5c840aedbad8fb000106cb44,25,Man,MinusCollege,Spanish,English,German,n/a,No,BLP,20,20,20,20,20,20,10,10,9,10,10,6,6,6,true,6,6,6,6,6,54.480000000000004,18.16,0.0,0.0,53.410000000000004,1.09,10.9,0.0,54.480000000000004,43.13,4.54,0.0,54.480000000000004,27.240000000000002,15.89,0.0,216.85000000000002,89.62,31.330000000000002,0.0,15.0,10.0,15.0,0.0,0.0,0.0,0,0,1,0,0,4.0,5.0,5.0,true,5.0,6.0,0.0,4.0,2.0,0.0,0.0,0.0,0.0,0.0,0.0,0,0,0,0,0,0.0,1.0,1.0,true,0.0,6.0,0.0,1.0,0.0,,,,,,,,,,,,,,,,,,,,
0,5d696d1c55742f001af29220,22,Woman,College,English,n/a,n/a,n/a,no,BLP,20,20,20,20,20,20,10,10,10,10,10,6,6,6,true,6,6,6,6,6,54.480000000000004,0.0,0.0,0.0,54.50000000000001,0.0,0.0,0.0,54.480000000000004,0.0,0.0,0.0,54.480000000000004,0.0,0.0,0.0,217.94000000000005,0.0,0.0,0.0,,,,,,,,,,,,,,,,,,,,,,,,,,,,,,,,,,,,,,,,,,,,,,,,,,,,,,,,,,,,
0,5db16ce33990ed0014564873,24,Woman,Masters,British,NA,NA,NA,NA,BLP,20,19,17,20,20,2,10,10,10,10,10,6,6,6,true,6,6,6,6,6,44.492000000000004,0.0,0.0,0.0,54.50000000000001,0.0,0.0,0.0,54.480000000000004,0.0,0.0,0.0,54.480000000000004,0.0,0.0,0.0,207.95200000000006,0.0,0.0,0.0,,,,,,,,,,,,,,,,,,,,,,,,,,,,,,,,,,,,,,,,,,,,,,,,,,,,,,,,,,,,
0,5e248b6f0c0b31718a9d3f31,22,Man,PlusCollege,Polish,English,n/a,n/a,n/a,BLP,20,20,18,20,20,0,10,10,10,7,9,6,6,6,true,6,6,5,6,6,44.492000000000004,14.982000000000001,0.0,0.0,50.14,4.36,0.0,0.0,54.480000000000004,47.67,0.0,0.0,52.21,31.78,0.0,0.0,201.32200000000003,98.792,0.0,0.0,15.0,3.0,15.0,0.0,0.0,0.0,0,0,0,3,1,5.0,6.0,6.0,true,4.0,3.0,5.0,6.0,0.0,,,,,,,,,,,,,,,,,,,,,,,,,,,,,,,,,,,,,,,,
0,5e2b03f0005f2a02c5a64f7b,22,Man,MinusCollege,Polish,English,Germany,n/a,no,BLP,20,20,17,20,20,20,8,10,8,9,8,6,6,6,true,6,6,6,6,6,53.118,17.252,12.258000000000001,0.0,46.870000000000005,6.540000000000001,11.99,0.0,54.480000000000004,43.13,27.240000000000002,0.0,54.480000000000004,20.43,18.16,0.0,208.94800000000004,87.352,69.648,0.0,15.0,8.0,15.0,0.0,0.0,0.0,2,0,2,1,1,5.0,5.0,5.0,true,4.0,4.0,3.0,2.0,0.0,12.0,3.0,12.0,0.0,0.0,0.0,0,0,0,0,1,3.0,3.0,4.0,true,2.0,3.0,3.0,2.0,0.0,,,,,,,,,,,,,,,,,,,,
0,5e6449ae5932461d728d2152,24,Woman,College,English,n/a,n/a,n/a,no,BLP,20,20,17,20,20,3,10,10,10,10,10,6,6,6,true,6,6,6,6,6,45.4,0.0,0.0,0.0,54.50000000000001,0.0,0.0,0.0,54.480000000000004,0.0,0.0,0.0,54.480000000000004,0.0,0.0,0.0,208.86,0.0,0.0,0.0,,,,,,,,,,,,,,,,,,,,,,,,,,,,,,,,,,,,,,,,,,,,,,,,,,,,,,,,,,,,
0,5e8b85a61e16e9057a996e36,25,Woman,College,GREEK,ENGLISH,n/a,n/a,Italian/Albanian,BLP,20,19,12,20,20,20,9,10,7,10,10,6,6,6,true,6,6,6,6,6,50.394,10.442,0.0,0.0,50.14,4.36,0.0,0.0,54.480000000000004,43.13,0.0,0.0,54.480000000000004,15.89,0.0,0.0,209.49400000000003,73.822,0.0,0.0,11.0,0.0,8.0,0.0,0.0,4.0,1,0,3,0,0,4.0,5.0,5.0,true,5.0,1.0,0.0,6.0,0.0,,,,,,,,,,,,,,,,,,,,,,,,,,,,,,,,,,,,,,,,
0,5e9dad3fd8d8010ac6a18620,24,Man,Masters,Portuguese,English,Spanish,n/a,no,BLP,20,20,20,20,20,1,8,10,3,5,7,6,6,6,true,5,6,5,6,6,45.854,18.614,7.264,0.0,35.970000000000006,17.44,11.99,0.0,52.21,47.67,6.8100000000000005,0.0,52.21,43.13,2.27,0.0,186.24400000000003,126.85400000000001,28.334,0.0,14.0,5.0,20.0,1.0,0.0,1.0,2,0,7,4,3,4.0,6.0,6.0,true,5.0,4.0,4.0,6.0,5.0,10.0,2.0,3.0,1.0,0.0,0.0,0,0,0,1,0,1.0,2.0,0.0,true,0.0,0.0,1.0,0.0,0.0,,,,,,,,,,,,,,,,,,,,
0,5ebd8f8679146d0a116bc257,23,Man,MinusCollege,portuguese,ukranian,english,n/a,no,BLP,20,5,15,20,20,2,10,7,10,10,10,6,6,6,true,6,6,6,6,6,37.228,19.068,14.074,0.0,51.230000000000004,3.2700000000000005,7.630000000000001,0.0,54.480000000000004,18.16,34.05,0.0,54.480000000000004,36.32,31.78,0.0,197.418,76.81800000000001,87.53399999999999,0.0,20.0,0.0,0.0,2.0,20.0,0.0,0,3,0,0,0,3.0,3.0,2.0,true,0.0,3.0,4.0,6.0,3.0,13.0,10.0,6.0,0.0,0.0,2.0,0,0,0,0,0,3.0,3.0,5.0,true,4.0,2.0,3.0,6.0,3.0,,,,,,,,,,,,,,,,,,,,
0,5ecba4b6ef75d53505406d57,23,Man,College,Polish,English,Italian,n/a,no,BLP,20,20,20,20,20,20,10,10,8,10,10,6,6,6,true,6,6,6,6,6,54.480000000000004,19.068,1.362,0.0,52.32000000000001,2.18,10.9,0.0,54.480000000000004,47.67,27.240000000000002,0.0,54.480000000000004,40.86,15.89,0.0,215.76000000000005,109.778,55.392,0.0,13.0,8.0,16.0,0.0,0.0,5.0,0,0,2,0,0,5.0,6.0,5.0,true,5.0,5.0,3.0,5.0,5.0,0.0,0.0,2.0,1.0,0.0,0.0,0,0,0,0,0,3.0,3.0,3.0,true,3.0,0.0,1.0,3.0,3.0,,,,,,,,,,,,,,,,,,,,
0,5ed14691e983f5067842fd20,25,Woman,Masters,Portuguese,English,Spanish,n/a,no,BLP,20,20,20,20,20,2,2,10,0,5,10,6,6,6,true,6,6,6,6,6,46.308,27.240000000000002,6.356,0.0,29.430000000000003,23.98,11.99,0.0,54.480000000000004,54.480000000000004,36.32,0.0,54.480000000000004,54.480000000000004,45.4,0.0,184.69800000000004,160.18,100.066,0.0,14.0,5.0,18.0,20.0,0.0,3.0,7,0,10,5,0,6.0,6.0,6.0,true,6.0,6.0,6.0,6.0,6.0,8.0,0.0,6.0,0.0,0.0,0.0,1,0,0,0,0,3.0,4.0,5.0,true,4.0,2.0,6.0,6.0,6.0,,,,,,,,,,,,,,,,,,,,
0,5eee55e93867d30a7771e616,22,Woman,College,english,n/a,n/a,n/a,n/a,BLP,20,20,18,20,20,3,10,10,10,10,10,6,6,6,true,6,6,4,6,6,45.854,0.0,0.0,0.0,54.50000000000001,0.0,0.0,0.0,54.480000000000004,0.0,0.0,0.0,49.94,0.0,0.0,0.0,204.774,0.0,0.0,0.0,,,,,,,,,,,,,,,,,,,,,,,,,,,,,,,,,,,,,,,,,,,,,,,,,,,,,,,,,,,,
0,5ef0b54037a90c618ad9e97f,23,Man,College,Portuguese,English,Spanish,n/a,no,BLP,20,20,12,20,20,20,9,10,5,9,9,6,6,6,true,6,6,6,6,6,50.848,15.436,11.804,0.0,45.78,7.630000000000001,11.99,0.0,54.480000000000004,54.480000000000004,47.67,0.0,54.480000000000004,47.67,47.67,0.0,205.58800000000002,125.21600000000001,119.134,0.0,14.0,8.0,12.0,0.0,0.0,0.0,1,0,4,1,1,6.0,6.0,6.0,true,6.0,6.0,3.0,6.0,6.0,10.0,8.0,8.0,0.0,0.0,0.0,0,0,1,0,0,5.0,6.0,6.0,true,4.0,3.0,6.0,6.0,6.0,,,,,,,,,,,,,,,,,,,,
0,5eff8b9ad19111064484eff7,22,Man,HighSchool,Latvian,English,Russian,n/a,n/a,BLP,20,20,16,20,20,20,5,9,9,5,5,6,6,6,true,6,5,5,6,6,52.664,24.970000000000002,19.068,0.0,35.970000000000006,18.53,9.81,0.0,54.480000000000004,52.21,9.08,0.0,49.94,49.94,4.54,0.0,193.05400000000003,145.65,42.498,0.0,14.0,10.0,11.0,20.0,0.0,0.0,5,1,1,5,5,5.0,6.0,6.0,true,6.0,6.0,5.0,5.0,6.0,20.0,0.0,2.0,20.0,0.0,0.0,0,0,0,0,0,1.0,1.0,1.0,true,1.0,0.0,0.0,1.0,1.0,,,,,,,,,,,,,,,,,,,,
0,5f1165307d03fb0009716b8e,23,Man,HighSchool,Italian,English,n/a,n/a,n/a,BLP,20,20,20,20,20,0,10,10,9,9,10,6,6,6,true,6,6,6,6,6,45.4,5.902,0.0,0.0,52.32000000000001,2.18,0.0,0.0,54.480000000000004,29.51,0.0,0.0,54.480000000000004,24.97,0.0,0.0,206.68,62.562,0.0,0.0,10.0,1.0,2.0,0.0,0.0,0.0,0,0,1,1,0,3.0,3.0,4.0,true,3.0,2.0,1.0,4.0,4.0,,,,,,,,,,,,,,,,,,,,,,,,,,,,,,,,,,,,,,,,
0,5f21c29511084913913af654,22,Man,HighSchool,Polish,English,---,---,---,BLP,20,15,15,20,20,20,9,10,9,9,10,5,6,6,true,6,6,6,6,6,49.940000000000005,14.528,9.988,9.988,51.230000000000004,3.2700000000000005,10.9,0.0,52.21,36.32,0.0,0.0,54.480000000000004,36.32,0.0,0.0,207.86,90.438,20.887999999999998,9.988,13.0,5.0,14.0,0.0,0.0,0.0,1,0,1,1,0,4.0,4.0,4.0,true,4.0,4.0,3.0,6.0,3.0,19.0,0.0,0.0,1.0,1.0,1.0,0,0,0,0,0,0.0,0.0,0.0,true,0.0,0.0,0.0,0.0,0.0,19.0,0.0,0.0,1.0,1.0,1.0,0,0,0,0,0,0.0,0.0,0.0,true,0.0,0.0,0.0,0.0,0.0
0,5f316280965ec564c886f978,21,Man,HighSchool,Polish,English,German,Spanish,Nope,BLP,20,20,10,20,20,20,8,10,7,9,10,6,6,6,true,6,6,6,6,6,49.940000000000005,37.228,10.442,2.724,47.96,6.540000000000001,10.9,0.0,54.480000000000004,54.480000000000004,43.13,24.97,54.480000000000004,54.480000000000004,2.27,6.8100000000000005,206.86,152.728,66.742,34.504,14.0,20.0,8.0,0.0,20.0,20.0,2,0,3,1,0,6.0,6.0,6.0,true,6.0,6.0,6.0,6.0,6.0,8.0,4.0,6.0,0.0,0.0,5.0,0,0,0,0,0,3.0,4.0,6.0,true,6.0,1.0,0.0,0.0,0.0,4.0,0.0,2.0,0.0,0.0,0.0,0,0,0,0,0,2.0,3.0,2.0,true,4.0,3.0,0.0,0.0,0.0
0,5f35782429beab53ef93cc2d,24,Man,College,ITALIAN,ENGLISH,N/A,N/A,N/A,BLP,19,20,20,20,20,20,6,5,7,5,5,6,6,6,true,6,6,6,6,6,54.026,36.774,0.0,0.0,30.520000000000003,23.98,0.0,0.0,54.480000000000004,54.480000000000004,0.0,0.0,54.480000000000004,52.21,0.0,0.0,193.50600000000003,167.44400000000002,0.0,0.0,19.0,20.0,20.0,1.0,20.0,1.0,4,5,3,5,5,6.0,6.0,6.0,true,6.0,6.0,5.0,6.0,6.0,,,,,,,,,,,,,,,,,,,,,,,,,,,,,,,,,,,,,,,,
0,5f3d119b77d8ba0009a79558,21,Woman,MinusCollege,Polish,English,n/a,n/a,no,BLP,20,13,13,20,20,0,10,10,6,9,9,6,6,6,true,6,6,6,6,6,39.044000000000004,11.35,0.0,0.0,47.96,6.540000000000001,0.0,0.0,54.480000000000004,45.4,0.0,0.0,54.480000000000004,45.4,0.0,0.0,195.964,108.69,0.0,0.0,10.0,4.0,11.0,0.0,0.0,0.0,0,0,4,1,1,5.0,5.0,5.0,true,5.0,5.0,4.0,5.0,6.0,,,,,,,,,,,,,,,,,,,,,,,,,,,,,,,,,,,,,,,,
0,5f5a5d4618746310515e2828,22,Man,HighSchool,English,Urdu,Arabic,Spanish,n/a,BLP,20,20,11,20,20,20,10,10,10,10,10,6,6,6,true,6,6,6,6,6,50.394,7.264,1.816,5.448,54.50000000000001,0.0,10.9,0.0,54.480000000000004,52.21,40.86,40.86,54.480000000000004,9.08,0.0,0.0,213.85400000000004,68.554,53.576,46.308,8.0,2.0,6.0,0.0,0.0,0.0,0,0,0,0,0,5.0,6.0,6.0,true,6.0,0.0,4.0,0.0,0.0,4.0,0.0,0.0,0.0,0.0,0.0,0,0,0,0,0,3.0,4.0,5.0,true,6.0,0.0,0.0,0.0,0.0,8.0,4.0,0.0,0.0,0.0,0.0,0,0,0,0,0,3.0,4.0,5.0,true,6.0,0.0,0.0,0.0,0.0
0,5f6f3d061214fe49ec2b9619,20,Woman,MinusCollege,polish,english,n/a,n/a,n/a,BLP,20,20,16,20,20,20,8,9,8,7,6,6,6,6,true,6,5,6,6,6,52.664,17.252,0.0,0.0,41.42,13.080000000000002,0.0,0.0,54.480000000000004,43.13,0.0,0.0,52.21,36.32,0.0,0.0,200.77400000000003,109.78200000000001,0.0,0.0,15.0,8.0,15.0,0.0,0.0,0.0,2,1,2,3,4,5.0,5.0,5.0,true,4.0,3.0,2.0,5.0,6.0,,,,,,,,,,,,,,,,,,,,,,,,,,,,,,,,,,,,,,,,
0,5f8af153e27f001bcc23ffc4,22,Woman,PlusCollege,polish,english,german,n/a,no,BLP,20,20,10,20,20,20,9,10,10,9,10,6,6,6,true,6,6,3,3,3,49.940000000000005,10.442,4.54,0.0,52.32000000000001,2.18,10.9,0.0,54.480000000000004,43.13,11.35,0.0,34.05,29.51,20.43,0.0,190.79000000000002,85.262,47.22,0.0,13.0,3.0,7.0,0.0,0.0,0.0,1,0,0,1,0,4.0,5.0,6.0,true,4.0,4.0,3.0,3.0,3.0,7.0,0.0,3.0,0.0,0.0,0.0,0,0,0,0,0,1.0,1.0,2.0,true,1.0,0.0,3.0,3.0,3.0,,,,,,,,,,,,,,,,,,,,
0,5f8b724dc36e8c2ac6d5fb6e,18,Man,HighSchool,German,English,n/a,n/a,no,BLP,20,20,11,18,18,18,6,9,5,4,5,6,6,6,true,6,6,6,6,6,47.67,18.614,0.0,0.0,31.610000000000003,22.89,0.0,0.0,54.480000000000004,45.4,0.0,0.0,54.480000000000004,49.94,0.0,0.0,188.24,136.844,0.0,0.0,12.0,9.0,6.0,0.0,14.0,0.0,4,1,5,6,5,4.0,6.0,6.0,true,4.0,4.0,6.0,6.0,6.0,,,,,,,,,,,,,,,,,,,,,,,,,,,,,,,,,,,,,,,,
0,5f9c2359530d3e067a300bd6,22,Woman,College,Portuguese,English,Spanish,n/a,No,BLP,20,20,12,20,20,20,9,10,8,8,8,6,6,6,true,6,6,6,6,6,50.848,14.528,4.086,0.0,46.870000000000005,6.540000000000001,11.99,0.0,54.480000000000004,38.59,24.97,0.0,54.480000000000004,45.4,36.32,0.0,206.678,105.05799999999999,77.366,0.0,14.0,8.0,9.0,0.0,0.0,1.0,1,0,1,2,2,4.0,5.0,5.0,true,3.0,5.0,4.0,6.0,5.0,4.0,2.0,2.0,0.0,0.0,1.0,0,0,1,0,0,2.0,4.0,3.0,true,2.0,3.0,5.0,4.0,4.0,,,,,,,,,,,,,,,,,,,,
0,5faacca24cd0384c1fa08be1,24,Man,HighSchool,polish,english,n/a,n/a,n/a,BLP,20,20,13,20,20,0,9,10,9,9,9,6,6,6,true,6,6,6,6,6,42.222,6.356,0.0,0.0,50.14,4.36,0.0,0.0,54.480000000000004,36.32,0.0,0.0,54.480000000000004,29.51,0.0,0.0,201.322,76.546,0.0,0.0,13.0,1.0,0.0,0.0,0.0,0.0,1,0,1,1,1,4.0,4.0,4.0,true,4.0,3.0,3.0,3.0,4.0,,,,,,,,,,,,,,,,,,,,,,,,,,,,,,,,,,,,,,,,
0,5fade36bdde8092117469a42,23,Man,Masters,Portuguese,English,Spanish,n/a,No,BLP,20,15,17,20,20,20,9,9,9,8,9,6,6,6,true,6,6,6,6,6,50.848,29.964000000000002,18.614,0.0,47.96,5.45,10.9,0.0,54.480000000000004,49.94,24.97,0.0,54.480000000000004,38.59,18.16,0.0,207.76800000000003,123.944,72.644,0.0,15.0,8.0,9.0,20.0,14.0,0.0,1,1,1,1,1,6.0,6.0,5.0,true,5.0,4.0,3.0,6.0,4.0,15.0,3.0,0.0,20.0,3.0,0.0,0,0,0,1,0,3.0,3.0,3.0,true,2.0,2.0,0.0,4.0,2.0,,,,,,,,,,,,,,,,,,,,
0,5fb2946df797088a8c405c2e,23,Man,PlusCollege,Portuguese,English,French,Spanish,No,BLP,20,20,17,20,20,17,6,9,7,6,6,6,6,6,true,6,6,6,6,6,51.756,24.516000000000002,10.896,3.632,37.06,11.99,9.81,5.45,54.480000000000004,54.480000000000004,29.51,31.78,54.480000000000004,49.94,36.32,38.59,197.776,140.926,86.536,79.452,14.0,12.0,17.0,0.0,0.0,11.0,3,1,2,3,2,6.0,6.0,6.0,true,6.0,6.0,4.0,6.0,6.0,11.0,7.0,6.0,0.0,0.0,0.0,0,0,0,0,0,3.0,4.0,4.0,true,2.0,4.0,3.0,6.0,3.0,5.0,0.0,3.0,0.0,0.0,0.0,1,0,1,1,2,3.0,4.0,4.0,true,3.0,5.0,3.0,6.0,3.0
0,5ff3a2554cfb7d507511d89f,25,Woman,College,English,N/A,N/A,N/A,No,BLP,20,17,20,20,20,20,10,10,10,10,10,6,6,6,true,6,6,6,6,6,53.118,0.0,0.0,0.0,54.50000000000001,0.0,0.0,0.0,54.480000000000004,0.0,0.0,0.0,54.480000000000004,0.0,0.0,0.0,216.57800000000003,0.0,0.0,0.0,,,,,,,,,,,,,,,,,,,,,,,,,,,,,,,,,,,,,,,,,,,,,,,,,,,,,,,,,,,,
0,5ffab69a57132749844b8020,23,Woman,College,Spanish,English,German,n/a,No,BLP,20,20,19,20,20,20,8,9,7,10,9,6,6,6,true,6,6,6,6,6,54.026,34.958,3.632,0.0,46.870000000000005,7.630000000000001,9.81,0.0,54.480000000000004,54.480000000000004,18.16,0.0,54.480000000000004,43.13,22.7,0.0,209.85600000000005,140.198,54.302,0.0,16.0,20.0,19.0,2.0,0.0,20.0,2,1,3,0,1,6.0,6.0,6.0,true,6.0,5.0,2.0,6.0,6.0,2.0,0.0,2.0,1.0,0.0,3.0,0,0,0,0,0,2.0,2.0,3.0,true,1.0,1.0,0.0,3.0,6.0,,,,,,,,,,,,,,,,,,,,
0,5ffd4230d96f6b2649d31f72,22,Woman,PlusCollege,IsiZulu,English,n/a,n/a,no,BLP,20,20,8,20,20,8,5,7,3,5,1,6,6,6,true,6,6,6,6,6,43.584,44.492000000000004,0.0,0.0,22.89,31.610000000000003,0.0,0.0,54.480000000000004,54.480000000000004,0.0,0.0,54.480000000000004,47.67,0.0,0.0,175.43400000000003,178.252,0.0,0.0,18.0,17.0,15.0,20.0,20.0,8.0,5,3,7,5,9,6.0,6.0,6.0,true,6.0,6.0,5.0,6.0,4.0,,,,,,,,,,,,,,,,,,,,,,,,,,,,,,,,,,,,,,,,
0,60204c263941fb63d9d794bc,22,Man,Masters,Potuguese,English,German,Spanish,French,BLP,20,20,18,20,20,20,9,9,9,1,9,6,6,6,true,6,6,6,6,6,53.572,25.878,2.27,5.448,40.330000000000005,13.080000000000002,10.9,0.0,54.480000000000004,54.480000000000004,31.78,22.7,54.480000000000004,54.480000000000004,47.67,4.54,202.86200000000002,147.918,92.62,32.688,18.0,20.0,16.0,0.0,0.0,3.0,1,1,1,8,1,6.0,6.0,6.0,true,6.0,6.0,6.0,6.0,6.0,2.0,0.0,3.0,0.0,0.0,0.0,0,0,0,1,0,2.0,4.0,5.0,true,3.0,3.0,6.0,6.0,6.0,8.0,4.0,0.0,0.0,0.0,0.0,0,0,0,0,0,1.0,4.0,5.0,true,0.0,0.0,2.0,0.0,0.0
0,602d2adcef81ce6b843da09b,21,Man,HighSchool,English,n/a,n/a,n/a,not fluently,BLP,20,20,12,20,20,20,10,10,10,10,10,6,6,6,true,5,6,5,6,6,50.848,0.0,0.0,0.0,54.50000000000001,0.0,0.0,0.0,52.21,0.0,0.0,0.0,52.21,0.0,0.0,0.0,209.76800000000003,0.0,0.0,0.0,,,,,,,,,,,,,,,,,,,,,,,,,,,,,,,,,,,,,,,,,,,,,,,,,,,,,,,,,,,,
0,60379326171365000ac6ae93,25,Man,Masters,polish,english,n.a,n/a,n/a,BLP,20,20,20,20,20,20,9,10,8,9,10,6,6,6,true,6,6,6,6,6,54.480000000000004,16.798000000000002,18.16,0.0,50.14,4.36,10.9,0.0,54.480000000000004,47.67,0.0,0.0,54.480000000000004,27.240000000000002,0.0,0.0,213.58000000000004,96.06800000000001,29.060000000000002,0.0,15.0,4.0,15.0,0.0,0.0,3.0,1,0,2,1,0,4.0,6.0,6.0,true,5.0,3.0,0.0,6.0,3.0,20.0,20.0,0.0,0.0,0.0,0.0,0,0,0,0,0,0.0,0.0,0.0,true,0.0,0.0,0.0,0.0,0.0,,,,,,,,,,,,,,,,,,,,
0,6046435099c3d00becdb2dfb,23,Woman,PlusCollege,English,n/a,n/a,n/a,n/a,BLP,20,20,20,20,20,7,10,10,10,10,10,6,6,6,true,6,6,6,6,6,48.578,0.0,0.0,0.0,54.50000000000001,0.0,0.0,0.0,54.480000000000004,0.0,0.0,0.0,54.480000000000004,0.0,0.0,0.0,212.038,0.0,0.0,0.0,,,,,,,,,,,,,,,,,,,,,,,,,,,,,,,,,,,,,,,,,,,,,,,,,,,,,,,,,,,,
0,604d5e61486bd0622d2102c0,24,Woman,HighSchool,English,n/a,n/a,n/a,n/a,BLP,20,20,20,20,20,20,10,10,10,10,10,6,6,6,true,6,6,6,6,6,54.480000000000004,0.0,0.0,0.0,54.50000000000001,0.0,0.0,0.0,54.480000000000004,0.0,0.0,0.0,54.480000000000004,0.0,0.0,0.0,217.94000000000005,0.0,0.0,0.0,,,,,,,,,,,,,,,,,,,,,,,,,,,,,,,,,,,,,,,,,,,,,,,,,,,,,,,,,,,,
0,6057a8fe2d302939fc759940,22,Woman,HighSchool,polish,english,russian,n/a,no,BLP,20,20,20,20,20,20,8,9,2,3,9,6,6,6,true,6,6,6,6,6,54.480000000000004,18.614,7.264,0.0,33.79,20.71,9.81,0.0,54.480000000000004,54.480000000000004,18.16,0.0,54.480000000000004,54.480000000000004,2.27,0.0,197.23000000000002,148.284,37.504000000000005,0.0,14.0,8.0,16.0,0.0,0.0,3.0,2,1,8,7,1,6.0,6.0,6.0,true,6.0,6.0,6.0,6.0,6.0,8.0,5.0,3.0,0.0,0.0,0.0,0,0,0,0,0,2.0,3.0,1.0,true,2.0,1.0,0.0,0.0,0.0,,,,,,,,,,,,,,,,,,,,
0,60907b8091341e8724ba80ed,23,Woman,College,Greek,English,Italian,Bulgarian,Russian,BLP,20,20,16,20,20,7,10,10,5,5,5,6,6,6,true,6,6,6,6,6,46.762,26.786,2.27,4.086,38.150000000000006,16.35,10.9,0.0,54.480000000000004,54.480000000000004,45.4,40.86,54.480000000000004,40.86,47.67,34.05,193.872,138.476,106.24000000000001,78.996,16.0,20.0,16.0,0.0,0.0,7.0,0,0,5,5,5,6.0,6.0,6.0,true,6.0,6.0,0.0,6.0,6.0,1.0,1.0,3.0,0.0,0.0,0.0,0,0,0,0,0,4.0,4.0,6.0,true,6.0,4.0,5.0,6.0,6.0,3.0,2.0,4.0,0.0,0.0,0.0,0,0,0,0,0,3.0,3.0,6.0,true,6.0,1.0,2.0,6.0,6.0
0,60a18093c5c040498d3addf8,21,Woman,MinusCollege,Portuguese,English,Spanish,n/a,"French, Dutch",BLP,20,20,15,20,20,2,7,10,9,6,6,6,6,6,true,6,6,6,6,6,44.038000000000004,14.528,6.8100000000000005,0.0,41.42,13.080000000000002,10.9,0.0,54.480000000000004,54.480000000000004,18.16,0.0,54.480000000000004,54.480000000000004,22.7,0.0,194.418,136.568,58.57000000000001,0.0,13.0,10.0,9.0,0.0,0.0,0.0,3,0,1,4,4,6.0,6.0,6.0,true,6.0,6.0,6.0,6.0,6.0,8.0,7.0,0.0,0.0,0.0,0.0,0,0,0,0,0,2.0,2.0,3.0,true,1.0,1.0,6.0,3.0,0.0,,,,,,,,,,,,,,,,,,,,
0,60a8bd22d03adbe92cbb9a5e,25,Man,College,English,IsiZulu,n/a,n/a,No,BLP,17,20,20,20,20,20,8,8,9,8,10,6,6,6,true,6,6,6,6,6,53.118,44.946,0.0,0.0,46.870000000000005,7.630000000000001,0.0,0.0,54.480000000000004,31.78,0.0,0.0,54.480000000000004,40.86,0.0,0.0,208.94800000000004,125.216,0.0,0.0,15.0,12.0,12.0,20.0,20.0,20.0,2,2,1,2,0,5.0,5.0,1.0,true,3.0,4.0,5.0,3.0,6.0,,,,,,,,,,,,,,,,,,,,,,,,,,,,,,,,,,,,,,,,
0,60bf28df4926a8b6391df575,22,Man,HighSchool,English,Polish,n/a,n/a,n/a,BLP,20,20,0,2,20,0,5,5,1,5,1,6,6,6,true,6,6,6,6,6,28.148,44.492000000000004,0.0,0.0,18.53,35.970000000000006,0.0,0.0,54.480000000000004,54.480000000000004,0.0,0.0,54.480000000000004,54.480000000000004,0.0,0.0,155.638,189.42200000000003,0.0,0.0,20.0,20.0,15.0,20.0,20.0,3.0,5,5,9,5,9,6.0,6.0,6.0,true,6.0,6.0,6.0,6.0,6.0,,,,,,,,,,,,,,,,,,,,,,,,,,,,,,,,,,,,,,,,
0,60c4a402716a8f9074fcd92e,22,Man,PlusCollege,Italian,English,French,German,no,BLP,20,20,20,20,20,20,9,10,10,8,10,6,6,6,true,6,5,6,6,6,54.480000000000004,20.43,13.166,10.896,51.230000000000004,3.2700000000000005,10.9,0.0,54.480000000000004,54.480000000000004,40.86,29.51,52.21,40.86,6.8100000000000005,4.54,212.4,119.04,71.736,44.946000000000005,14.0,10.0,20.0,1.0,0.0,0.0,1,0,0,2,0,6.0,6.0,6.0,true,6.0,6.0,6.0,1.0,5.0,8.0,6.0,15.0,0.0,0.0,0.0,0,0,0,0,0,4.0,4.0,4.0,true,6.0,0.0,1.0,1.0,1.0,5.0,4.0,15.0,0.0,0.0,0.0,0,0,0,0,0,3.0,3.0,4.0,true,3.0,0.0,1.0,1.0,0.0
0,60c715c89bb47f3847a690f0,25,Woman,Masters,Chinese,English,n/a,n/a,n/a,BLP,20,20,20,20,20,0,2,8,1,4,8,6,6,6,true,6,3,4,2,4,45.4,19.976,0.0,0.0,25.07,29.430000000000003,0.0,0.0,54.480000000000004,54.480000000000004,0.0,0.0,29.51,40.86,0.0,0.0,154.46,144.746,0.0,0.0,10.0,5.0,18.0,5.0,3.0,3.0,8,2,9,6,2,6.0,6.0,6.0,true,6.0,3.0,4.0,6.0,5.0,,,,,,,,,,,,,,,,,,,,,,,,,,,,,,,,,,,,,,,,
0,60c873a65a9883b52f70db6c,23,Woman,Masters,Dutch,English,n/a,n/a,no,BLP,20,20,18,20,20,3,10,10,10,9,9,6,6,6,true,5,6,6,6,6,45.854,8.172,0.0,0.0,52.32000000000001,2.18,0.0,0.0,52.21,45.4,0.0,0.0,54.480000000000004,38.59,0.0,0.0,204.86400000000003,94.342,0.0,0.0,10.0,4.0,4.0,0.0,0.0,0.0,0,0,0,1,1,5.0,6.0,5.0,true,4.0,4.0,2.0,6.0,5.0,,,,,,,,,,,,,,,,,,,,,,,,,,,,,,,,,,,,,,,,
0,60ca0b60979a23c83652c303,25,Woman,PlusCollege,english,zulu,n/a,n/a,n/a,BLP,17,8,18,20,11,8,6,3,9,8,10,6,6,6,true,6,4,4,6,6,37.228,46.762,0.0,0.0,39.24,15.260000000000002,0.0,0.0,54.480000000000004,54.480000000000004,0.0,0.0,45.4,54.480000000000004,0.0,0.0,176.348,170.98200000000003,0.0,0.0,19.0,20.0,20.0,20.0,20.0,4.0,4,7,1,2,0,6.0,6.0,6.0,true,6.0,6.0,6.0,6.0,6.0,,,,,,,,,,,,,,,,,,,,,,,,,,,,,,,,,,,,,,,,
0,60cef349a1fff159b5d4853e,25,Man,College,sesotho,english,zulu,afrikaans,no,BLP,20,20,3,20,20,0,7,7,2,5,0,5,5,3,true,2,5,6,4,5,37.682,33.596000000000004,19.522000000000002,17.706,22.89,28.340000000000003,8.72,1.09,34.05,49.94,18.16,22.7,45.4,36.32,34.05,27.240000000000002,140.022,148.196,80.452,68.73599999999999,13.0,12.0,14.0,20.0,15.0,0.0,3,2,7,4,10,5.0,5.0,6.0,true,6.0,5.0,3.0,4.0,4.0,12.0,6.0,0.0,20.0,5.0,0.0,0,1,1,0,0,3.0,3.0,2.0,true,0.0,3.0,4.0,4.0,4.0,12.0,4.0,8.0,15.0,0.0,0.0,0,0,0,1,0,2.0,3.0,3.0,true,2.0,3.0,2.0,4.0,3.0
0,60d26e7cd9f0761e4d12b9f8,23,Woman,HighSchool,Hungarian,English,n/a,n/a,Italian,BLP,20,20,13,20,20,1,9,10,10,8,9,6,6,6,true,6,6,6,6,6,42.676,13.620000000000001,0.0,0.0,50.14,4.36,0.0,0.0,54.480000000000004,45.4,0.0,0.0,54.480000000000004,36.32,0.0,0.0,201.776,99.69999999999999,0.0,0.0,12.0,6.0,12.0,0.0,0.0,0.0,1,0,0,2,1,5.0,5.0,5.0,true,5.0,4.0,2.0,4.0,6.0,,,,,,,,,,,,,,,,,,,,,,,,,,,,,,,,,,,,,,,,
0,60d9dfd4dcc09cf57dc92cb1,23,Woman,MinusCollege,english,n/a,n/a,n/a,no,BLP,0,20,16,20,20,20,10,10,10,10,10,6,6,6,true,6,6,6,6,6,43.584,0.0,0.0,0.0,54.50000000000001,0.0,0.0,0.0,54.480000000000004,0.0,0.0,0.0,54.480000000000004,0.0,0.0,0.0,207.04400000000004,0.0,0.0,0.0,,,,,,,,,,,,,,,,,,,,,,,,,,,,,,,,,,,,,,,,,,,,,,,,,,,,,,,,,,,,
0,60db9c9850c39eea109ef1d3,25,Man,College,Xhosa,English,Isiulu,n/a,no,BLP,20,20,0,20,20,20,6,8,0,7,0,5,6,3,true,3,6,6,6,6,45.4,49.032000000000004,23.608,0.0,22.89,28.340000000000003,11.99,0.0,38.59,52.21,18.16,0.0,54.480000000000004,40.86,20.43,0.0,161.36,170.442,74.18799999999999,0.0,17.0,13.0,18.0,20.0,20.0,20.0,2,2,10,2,10,5.0,6.0,6.0,true,6.0,6.0,0.0,6.0,6.0,8.0,4.0,0.0,20.0,0.0,20.0,2,0,0,1,0,3.0,4.0,1.0,true,0.0,3.0,0.0,0.0,6.0,,,,,,,,,,,,,,,,,,,,
0,60e586145b73b702a608bace,22,Woman,College,Spanish,English,French,n/a,No,BLP,20,20,16,19,19,19,2,4,6,4,4,6,6,6,true,6,6,6,6,6,51.302,21.338,12.712,0.0,21.8,29.430000000000003,7.630000000000001,0.0,54.480000000000004,49.94,22.7,0.0,54.480000000000004,52.21,4.54,0.0,182.062,152.918,47.582,0.0,17.0,7.0,16.0,3.0,3.0,1.0,8,6,3,5,5,5.0,5.0,6.0,true,6.0,6.0,5.0,6.0,6.0,9.0,5.0,12.0,1.0,1.0,0.0,0,0,1,1,1,3.0,2.0,2.0,true,3.0,1.0,0.0,1.0,0.0,,,,,,,,,,,,,,,,,,,,
0,60e5ac4f3d93f294f5fa543b,24,Woman,PlusCollege,English,n/a,n/a,n/a,n/a,BLP,13,13,14,20,20,3,10,10,10,10,10,6,6,6,true,6,6,4,5,6,37.682,0.0,0.0,0.0,54.50000000000001,0.0,0.0,0.0,54.480000000000004,0.0,0.0,0.0,47.67,0.0,0.0,0.0,194.33200000000005,0.0,0.0,0.0,,,,,,,,,,,,,,,,,,,,,,,,,,,,,,,,,,,,,,,,,,,,,,,,,,,,,,,,,,,,
0,60f9739250a5c6f6e4726336,20,Woman,HighSchool,Polish,English,Russian,n/a,"I speak polish, english and russian",BLP,20,20,12,20,20,2,7,10,6,8,9,6,6,6,true,6,6,6,6,6,42.676,10.896,2.27,0.0,43.6,9.81,11.99,0.0,54.480000000000004,47.67,20.43,0.0,54.480000000000004,45.4,29.51,0.0,195.23600000000005,113.77600000000001,64.2,0.0,10.0,4.0,8.0,0.0,0.0,2.0,2,0,4,2,1,4.0,5.0,6.0,true,6.0,6.0,6.0,5.0,3.0,4.0,1.0,0.0,0.0,0.0,0.0,1,0,0,0,0,1.0,3.0,3.0,true,2.0,2.0,6.0,3.0,2.0,,,,,,,,,,,,,,,,,,,,
0,6102ee48644f517877d64d2b,25,Woman,PlusCollege,English,Sesotho,IsiZulu,n/a,Yes,BLP,15,14,20,20,10,20,3,2,8,1,10,6,6,6,true,6,6,6,5,4,44.946,53.118,47.216,0.0,26.160000000000004,22.89,6.540000000000001,0.0,54.480000000000004,54.480000000000004,52.21,0.0,47.67,54.480000000000004,47.67,0.0,173.256,184.96800000000002,153.63600000000002,0.0,17.0,20.0,20.0,20.0,20.0,20.0,5,7,1,8,0,6.0,6.0,6.0,true,6.0,6.0,6.0,6.0,6.0,15.0,15.0,14.0,20.0,20.0,20.0,2,1,1,1,0,6.0,6.0,6.0,true,5.0,6.0,5.0,5.0,5.0,,,,,,,,,,,,,,,,,,,,
0,6103cbc5310ffddfafa01661,26,Woman,College,Sesotho,Engllish,Afrikaans,Zulu,Xhosa,BLP,20,20,20,20,20,20,4,5,3,2,2,6,6,6,true,6,6,6,6,6,54.480000000000004,50.394,39.044000000000004,32.688,17.44,22.89,9.81,7.630000000000001,54.480000000000004,54.480000000000004,29.51,36.32,54.480000000000004,54.480000000000004,13.620000000000001,54.480000000000004,180.88,182.244,91.98400000000001,131.118,16.0,15.0,20.0,20.0,20.0,20.0,3,2,5,5,6,6.0,6.0,6.0,true,6.0,6.0,6.0,6.0,6.0,13.0,0.0,13.0,20.0,20.0,20.0,1,2,1,1,1,2.0,2.0,6.0,true,3.0,0.0,2.0,2.0,2.0,5.0,0.0,7.0,20.0,20.0,20.0,2,1,1,2,1,3.0,3.0,6.0,true,4.0,6.0,6.0,6.0,6.0
0,6106ac34408681f3b0d07396,23,Man,MinusCollege,German,English,Spanish,Mandarin,-,BLP,20,16,12,20,20,3,6,10,9,5,5,6,6,6,true,6,6,6,6,0,41.314,14.074,4.54,0.0,38.150000000000006,16.35,10.9,0.0,54.480000000000004,54.480000000000004,29.51,0.0,40.86,27.240000000000002,6.8100000000000005,6.8100000000000005,174.80400000000003,112.144,51.760000000000005,6.8100000000000005,14.0,7.0,10.0,0.0,0.0,0.0,4,0,1,5,5,6.0,6.0,6.0,true,6.0,6.0,0.0,6.0,0.0,6.0,0.0,4.0,0.0,0.0,0.0,0,0,0,0,0,3.0,4.0,4.0,true,2.0,0.0,0.0,3.0,0.0,0.0,0.0,0.0,0.0,0.0,0.0,0,0,0,0,0,0.0,0.0,0.0,true,0.0,0.0,0.0,3.0,0.0
0,610d45e26c9b141264755d3c,23,Man,HighSchool,ENGLISH,SETSWANA,N/A,N/A,NO,BLP,10,20,20,20,20,20,7,4,4,4,4,6,6,6,true,6,6,6,6,6,49.940000000000005,54.480000000000004,0.0,0.0,25.07,29.430000000000003,0.0,0.0,54.480000000000004,54.480000000000004,0.0,0.0,54.480000000000004,54.480000000000004,0.0,0.0,183.97000000000003,192.87,0.0,0.0,20.0,20.0,20.0,20.0,20.0,20.0,3,6,6,6,6,6.0,6.0,6.0,true,6.0,6.0,6.0,6.0,6.0,,,,,,,,,,,,,,,,,,,,,,,,,,,,,,,,,,,,,,,,
0,61118c6d3c980e8b5b50e2fa,21,Woman,College,Portuguese,English,Spanish,French,no,BLP,20,20,20,20,20,20,7,9,7,7,7,6,6,6,true,6,6,6,6,6,54.480000000000004,43.13,12.712,29.056,40.330000000000005,11.99,11.99,0.0,54.480000000000004,54.480000000000004,38.59,29.51,54.480000000000004,52.21,38.59,27.240000000000002,203.77000000000004,161.81,101.882,85.80600000000001,15.0,20.0,20.0,0.0,20.0,20.0,3,1,3,2,2,6.0,6.0,6.0,true,6.0,6.0,5.0,6.0,6.0,8.0,5.0,0.0,0.0,2.0,13.0,0,0,0,1,1,4.0,5.0,5.0,true,3.0,2.0,3.0,6.0,6.0,8.0,6.0,20.0,0.0,10.0,20.0,0,0,0,0,0,3.0,5.0,3.0,true,2.0,1.0,1.0,4.0,6.0
0,6117bb7900c0ba81f079a4ee,24,Woman,PlusCollege,English,Zulu,Afrikaans,Tswana,No,BLP,20,20,20,20,20,5,7,7,10,10,10,6,6,6,true,6,6,6,6,6,47.67,37.682,29.51,14.528,47.96,4.36,7.630000000000001,1.09,54.480000000000004,54.480000000000004,43.13,43.13,54.480000000000004,54.480000000000004,47.67,47.67,204.59000000000003,151.002,127.94000000000001,106.418,20.0,20.0,3.0,20.0,20.0,0.0,2,2,0,0,0,6.0,6.0,6.0,true,6.0,6.0,6.0,6.0,6.0,11.0,5.0,9.0,20.0,20.0,0.0,0,1,0,0,0,3.0,5.0,6.0,true,5.0,5.0,4.0,6.0,6.0,5.0,3.0,0.0,20.0,4.0,0.0,1,0,0,0,0,3.0,5.0,6.0,true,5.0,5.0,4.0,6.0,6.0
0,611d180283c1129def9284e6,24,Woman,MinusCollege,IsiZulu,English,n/a,n/a,No I do not,BLP,18,20,20,20,20,0,5,6,0,6,2,6,6,4,true,6,6,6,6,6,44.492000000000004,38.59,0.0,0.0,20.71,33.79,0.0,0.0,49.94,54.480000000000004,0.0,0.0,54.480000000000004,20.43,0.0,0.0,169.622,147.29,0.0,0.0,14.0,13.0,17.0,20.0,20.0,1.0,5,4,10,4,8,6.0,6.0,6.0,true,6.0,6.0,0.0,3.0,0.0,,,,,,,,,,,,,,,,,,,,,,,,,,,,,,,,,,,,,,,,
0,611e00dc377e4fb7a27725e8,24,Man,College,Tshivenda,English,n/a,n/a,no,BLP,20,20,13,20,20,0,7,9,0,7,0,6,6,6,true,6,6,6,6,6,42.222,27.694000000000003,0.0,0.0,25.07,29.430000000000003,0.0,0.0,54.480000000000004,38.59,0.0,0.0,54.480000000000004,36.32,0.0,0.0,176.252,132.03400000000002,0.0,0.0,14.0,9.0,18.0,20.0,0.0,0.0,3,1,10,3,10,4.0,4.0,5.0,true,4.0,4.0,4.0,4.0,4.0,,,,,,,,,,,,,,,,,,,,,,,,,,,,,,,,,,,,,,,,
0,611e125063d1a52330225838,24,Man,PlusCollege,English,Shona,n/a,n/a,yes,BLP,18,20,20,20,20,20,8,2,9,9,10,6,6,6,true,6,5,6,5,6,53.572,49.032000000000004,0.0,0.0,41.42,13.080000000000002,0.0,0.0,54.480000000000004,49.94,0.0,0.0,49.94,54.480000000000004,0.0,0.0,199.412,166.532,0.0,0.0,20.0,20.0,20.0,14.0,20.0,14.0,2,8,1,1,0,6.0,6.0,4.0,true,6.0,6.0,6.0,6.0,6.0,,,,,,,,,,,,,,,,,,,,,,,,,,,,,,,,,,,,,,,,
0,611fd297eb06449f7f0a06b9,24,Woman,College,English,Afrikaans,n/a,n/a,n/a,BLP,20,20,17,20,20,20,10,9,10,9,10,6,6,6,true,6,6,6,6,6,53.118,35.866,0.0,0.0,52.32000000000001,2.18,0.0,0.0,54.480000000000004,34.05,0.0,0.0,54.480000000000004,38.59,0.0,0.0,214.39800000000002,110.686,0.0,0.0,16.0,11.0,12.0,20.0,20.0,0.0,0,1,0,1,0,3.0,3.0,4.0,true,5.0,1.0,5.0,5.0,6.0,,,,,,,,,,,,,,,,,,,,,,,,,,,,,,,,,,,,,,,,
0,61200d0d71bd5c0f9f9716b2,24,Woman,MinusCollege,Czech,English,Italian,n/a,no,BLP,20,20,13,20,20,3,9,10,8,10,10,6,6,6,true,6,6,6,6,6,43.584,10.442,0.454,0.0,51.230000000000004,3.2700000000000005,10.9,0.0,54.480000000000004,38.59,24.97,0.0,54.480000000000004,6.8100000000000005,13.620000000000001,0.0,203.774,59.11200000000001,49.944,0.0,11.0,1.0,11.0,0.0,0.0,0.0,1,0,2,0,0,3.0,5.0,5.0,true,4.0,2.0,0.0,1.0,0.0,1.0,0.0,0.0,0.0,0.0,0.0,0,0,0,0,0,1.0,4.0,4.0,true,2.0,2.0,3.0,1.0,0.0,,,,,,,,,,,,,,,,,,,,
0,61242dd5be1a06b174975a1f,21,Woman,MinusCollege,Hungarian,English,German,Russian,-,BLP,20,20,20,20,20,20,6,7,6,5,5,6,6,6,true,6,6,6,6,6,54.480000000000004,12.258000000000001,13.166,2.724,31.610000000000003,15.260000000000002,9.81,5.45,54.480000000000004,49.94,34.05,34.05,54.480000000000004,47.67,24.97,34.05,195.05,125.128,81.996,76.274,8.0,6.0,5.0,0.0,0.0,8.0,4,3,1,3,3,5.0,6.0,6.0,true,5.0,6.0,3.0,6.0,6.0,13.0,0.0,8.0,0.0,0.0,8.0,0,0,0,1,1,2.0,3.0,5.0,true,5.0,3.0,2.0,3.0,3.0,2.0,0.0,2.0,0.0,0.0,2.0,0,0,3,1,1,3.0,3.0,5.0,true,4.0,3.0,2.0,5.0,5.0
0,61248a51eefb6797024ecb85,22,Woman,MinusCollege,Northern Sotho,English,Afrikaans,n/a,no,BLP,20,20,9,20,20,2,0,6,1,3,1,4,5,4,true,2,3,4,6,6,41.314,35.866,28.602,0.0,11.99,37.06,10.9,0.0,34.05,54.480000000000004,52.21,0.0,43.13,49.94,24.97,0.0,130.484,177.346,116.682,0.0,15.0,11.0,16.0,20.0,13.0,4.0,9,3,9,5,8,6.0,6.0,6.0,true,6.0,4.0,6.0,6.0,6.0,10.0,11.0,9.0,20.0,13.0,0.0,1,1,0,2,1,5.0,6.0,6.0,true,6.0,1.0,2.0,2.0,6.0,,,,,,,,,,,,,,,,,,,,
0,612cc44439ccefbbd5d4b278,23,Man,College,English,Xhosa,Zulu,n/a,n/a,BLP,20,15,20,20,20,20,5,8,8,7,8,6,6,6,true,6,6,6,6,6,52.21,37.682,17.706,0.0,39.24,7.630000000000001,15.260000000000002,0.0,54.480000000000004,45.4,24.97,0.0,54.480000000000004,45.4,20.43,0.0,200.41000000000003,136.112,78.366,0.0,15.0,10.0,18.0,20.0,20.0,0.0,2,1,1,2,1,5.0,5.0,5.0,true,5.0,5.0,4.0,5.0,6.0,1.0,0.0,18.0,20.0,0.0,0.0,3,1,1,1,1,3.0,3.0,3.0,true,2.0,2.0,2.0,2.0,3.0,,,,,,,,,,,,,,,,,,,,
0,612cd9f34adcee82f65685a1,25,Woman,Masters,SPANISH,ENGLISH,N/A,N/A,NO,BLP,20,20,15,20,20,20,10,10,9,10,10,6,6,6,true,6,6,6,6,6,52.21,13.166,0.0,0.0,53.410000000000004,1.09,0.0,0.0,54.480000000000004,31.78,0.0,0.0,54.480000000000004,11.35,0.0,0.0,214.58000000000004,57.386,0.0,0.0,14.0,4.0,10.0,1.0,0.0,0.0,0,0,1,0,0,3.0,4.0,4.0,true,3.0,3.0,0.0,0.0,2.0,,,,,,,,,,,,,,,,,,,,,,,,,,,,,,,,,,,,,,,,
0,613054cf8dffc8bbb1fc9cc4,24,Woman,College,English ,Sesotho,IsiZulu,Xhosa,"Siswati, Sepedi",BLP,15,13,16,20,20,6,7,6,7,6,10,6,6,6,true,6,6,3,6,4,40.86,45.4,37.682,26.332,39.24,8.72,9.81,2.18,54.480000000000004,43.13,49.94,40.86,43.13,54.480000000000004,45.4,45.4,177.70999999999998,151.73000000000002,142.832,114.77199999999999,20.0,20.0,13.0,20.0,20.0,7.0,1,2,2,3,0,6.0,6.0,4.0,true,3.0,6.0,6.0,6.0,6.0,13.0,12.0,12.0,20.0,20.0,6.0,1,1,1,1,0,6.0,6.0,6.0,true,4.0,3.0,5.0,6.0,6.0,11.0,9.0,12.0,20.0,3.0,3.0,1,1,0,0,0,5.0,6.0,5.0,true,2.0,3.0,5.0,6.0,6.0
0,6134d182408816f4c1284496,24,Woman,PlusCollege,TSHIVENDA,ENGLISH,SEPEDI,ZULU,NO,BLP,20,20,0,20,20,4,1,8,1,4,0,6,6,6,true,6,6,6,6,6,38.136,41.768,13.620000000000001,15.436,15.260000000000002,32.7,10.9,4.36,54.480000000000004,54.480000000000004,34.05,40.86,54.480000000000004,40.86,43.13,6.8100000000000005,162.356,169.808,101.7,67.466,17.0,11.0,20.0,20.0,20.0,4.0,6,2,6,6,10,6.0,6.0,6.0,true,6.0,6.0,0.0,6.0,6.0,2.0,0.0,0.0,20.0,4.0,4.0,1,0,1,0,0,4.0,6.0,3.0,true,2.0,3.0,4.0,6.0,6.0,6.0,0.0,0.0,20.0,4.0,4.0,2,0,2,0,0,4.0,6.0,4.0,true,4.0,3.0,0.0,0.0,0.0
0,6135f6887f5dd1472f7d3d6e,25,Woman,HighSchool,English,Afrikaans,n/a,n/a,No,BLP,20,20,1,20,20,20,10,9,8,9,10,6,6,6,true,6,6,6,6,6,45.854,46.762,0.0,0.0,50.14,4.36,0.0,0.0,54.480000000000004,54.480000000000004,0.0,0.0,54.480000000000004,54.480000000000004,0.0,0.0,204.954,160.082,0.0,0.0,20.0,20.0,3.0,20.0,20.0,20.0,0,1,2,1,0,6.0,6.0,6.0,true,6.0,6.0,6.0,6.0,6.0,,,,,,,,,,,,,,,,,,,,,,,,,,,,,,,,,,,,,,,,
0,6136a1e1159dc808ad660d89,24,Woman,College,English,Zulu,n/a,n/a,No,BLP,16,11,18,20,14,0,8,3,8,9,9,6,6,6,true,6,5,3,6,6,35.866,41.768,0.0,0.0,40.330000000000005,14.170000000000002,0.0,0.0,54.480000000000004,49.94,0.0,0.0,45.4,52.21,0.0,0.0,176.076,158.088,0.0,0.0,20.0,20.0,12.0,20.0,20.0,0.0,2,7,2,1,1,5.0,5.0,6.0,true,6.0,5.0,6.0,6.0,6.0,,,,,,,,,,,,,,,,,,,,,,,,,,,,,,,,,,,,,,,,
0,613758e7a80409ba7f5affb6,22,Woman,MinusCollege,sotho,english,zulu,sepedi,venda,BLP,20,20,10,20,20,5,5,5,1,5,5,6,6,6,true,6,6,5,6,6,43.13,47.216,39.044000000000004,51.756,22.89,14.170000000000002,11.99,9.81,54.480000000000004,54.480000000000004,31.78,45.4,52.21,40.86,43.13,47.67,172.71,156.726,125.94400000000002,154.63600000000002,14.0,10.0,20.0,20.0,20.0,20.0,3,3,1,3,3,6.0,6.0,6.0,true,6.0,3.0,3.0,6.0,6.0,10.0,20.0,3.0,20.0,20.0,13.0,1,1,3,1,1,3.0,6.0,3.0,true,2.0,3.0,4.0,6.0,6.0,19.0,20.0,20.0,20.0,20.0,15.0,1,1,5,1,1,4.0,6.0,5.0,true,5.0,4.0,5.0,6.0,6.0
0,613ca0a2040055a4e87c5d71,22,Woman,College,XHOSA,ENGLISH,ZULU,N/A,No,BLP,20,20,7,20,20,1,6,7,3,3,1,6,6,5,true,6,5,6,6,6,39.952,35.412,14.528,0.0,21.8,30.520000000000003,9.81,0.0,52.21,49.94,29.51,0.0,52.21,34.05,27.240000000000002,0.0,166.172,149.922,81.088,0.0,17.0,15.0,16.0,20.0,7.0,3.0,4,3,6,6,9,5.0,6.0,6.0,true,5.0,5.0,2.0,6.0,2.0,8.0,4.0,0.0,20.0,0.0,0.0,0,0,1,1,0,3.0,4.0,3.0,true,3.0,2.0,3.0,4.0,3.0,,,,,,,,,,,,,,,,,,,,
0,6148b49d6ac652cefd310332,22,Woman,MinusCollege,English,na,na,na,no,BLP,20,15,13,20,20,6,10,10,10,10,10,6,6,6,true,6,6,6,6,6,42.676,0.0,0.0,0.0,54.50000000000001,0.0,0.0,0.0,54.480000000000004,0.0,0.0,0.0,54.480000000000004,0.0,0.0,0.0,206.13600000000002,0.0,0.0,0.0,,,,,,,,,,,,,,,,,,,,,,,,,,,,,,,,,,,,,,,,,,,,,,,,,,,,,,,,,,,,
0,615c1372e7e639775817487e,25,Woman,MinusCollege,English,Sesotho,Isizulu,Setswana,Yes,BLP,16,4,20,20,20,10,7,2,10,8,10,6,6,6,true,6,6,6,6,6,40.86,40.406,20.884,19.976,40.330000000000005,14.170000000000002,2.18,0.0,54.480000000000004,43.13,36.32,34.05,54.480000000000004,27.240000000000002,20.43,15.89,190.15000000000003,124.946,79.814,69.916,19.0,4.0,16.0,20.0,20.0,10.0,3,8,0,2,0,6.0,6.0,6.0,true,1.0,6.0,6.0,0.0,0.0,12.0,4.0,0.0,20.0,0.0,10.0,0,0,0,0,0,3.0,6.0,6.0,true,1.0,3.0,6.0,0.0,0.0,10.0,4.0,0.0,20.0,0.0,10.0,0,0,0,0,0,3.0,6.0,6.0,true,0.0,1.0,6.0,0.0,0.0
0,6166ef334de9e433e83bfb79,21,Woman,College,Sotho,English,Sepedi,n/a,yes,BLP,16,20,0,20,20,0,4,5,2,5,0,5,6,3,true,2,6,3,6,6,34.504,40.86,27.240000000000002,0.0,17.44,37.06,5.45,0.0,36.32,54.480000000000004,18.16,0.0,47.67,49.94,43.13,0.0,135.93400000000003,182.34,93.98000000000002,0.0,16.0,20.0,14.0,20.0,20.0,0.0,6,5,8,5,10,6.0,6.0,6.0,true,6.0,6.0,4.0,6.0,6.0,20.0,0.0,0.0,20.0,20.0,0.0,0,0,0,0,0,2.0,4.0,1.0,true,1.0,3.0,6.0,6.0,4.0,,,,,,,,,,,,,,,,,,,,
0,616ad7ac6299f99ce33cdc78,24,Woman,PlusCollege,english,sotho,zulu,n/a,no,BLP,13,13,20,20,20,1,6,9,10,10,10,6,6,6,true,6,3,1,3,3,39.498000000000005,40.86,40.86,0.0,49.050000000000004,3.2700000000000005,11.99,0.0,54.480000000000004,54.480000000000004,54.480000000000004,0.0,22.7,45.4,34.05,0.0,165.728,144.01000000000002,141.38,0.0,20.0,20.0,10.0,20.0,20.0,0.0,2,1,0,0,0,6.0,6.0,6.0,true,6.0,6.0,5.0,5.0,4.0,20.0,20.0,10.0,20.0,20.0,0.0,2,0,0,0,0,6.0,6.0,6.0,true,6.0,6.0,2.0,3.0,4.0,,,,,,,,,,,,,,,,,,,,
0,616b567b3e605b7245a9aead,23,Woman,HighSchool,English,Tshivenda ,Afrikaans ,n/a,no,BLP,19,14,16,20,19,5,6,2,9,2,6,6,6,6,true,6,6,6,6,6,42.222,46.308,32.234,0.0,27.250000000000004,27.250000000000004,2.18,0.0,54.480000000000004,54.480000000000004,27.240000000000002,0.0,54.480000000000004,54.480000000000004,20.43,0.0,178.43200000000002,182.51800000000003,82.084,0.0,20.0,20.0,20.0,20.0,20.0,2.0,4,8,1,8,4,6.0,6.0,6.0,true,6.0,6.0,6.0,6.0,6.0,16.0,12.0,12.0,20.0,4.0,7.0,0,0,0,0,0,1.0,4.0,3.0,true,4.0,2.0,2.0,2.0,3.0,,,,,,,,,,,,,,,,,,,,
0,61717173748006894b2b54ff,20,Man,HighSchool,Hungarian,English,German,n/a,n/a,BLP,20,20,12,20,20,20,9,10,8,10,10,6,6,6,true,6,6,6,6,6,50.848,11.804,1.816,0.0,51.230000000000004,3.2700000000000005,10.9,0.0,54.480000000000004,47.67,29.51,0.0,54.480000000000004,34.05,13.620000000000001,0.0,211.038,96.794,55.846000000000004,0.0,12.0,6.0,8.0,0.0,0.0,0.0,1,0,2,0,0,5.0,6.0,6.0,true,4.0,5.0,3.0,3.0,4.0,3.0,1.0,0.0,0.0,0.0,0.0,0,0,0,0,0,3.0,4.0,4.0,true,2.0,2.0,2.0,1.0,1.0,,,,,,,,,,,,,,,,,,,,
0,6171946a19f6673fb215c0c7,24,Woman,College,Tshivenda,English,Tswana,n/a,no,BLP,20,20,12,20,20,20,6,7,0,2,0,6,6,6,true,5,6,6,6,6,50.848,54.480000000000004,13.166,0.0,16.35,37.06,8.72,0.0,52.21,52.21,24.97,0.0,54.480000000000004,40.86,0.0,0.0,173.88800000000003,184.61,46.856,0.0,20.0,20.0,20.0,20.0,20.0,20.0,3,3,10,8,10,5.0,6.0,6.0,true,6.0,6.0,6.0,6.0,0.0,2.0,0.0,2.0,20.0,0.0,5.0,1,0,0,0,0,2.0,5.0,2.0,true,2.0,0.0,0.0,0.0,0.0,,,,,,,,,,,,,,,,,,,,
0,6171f219ee27aa0e23d076aa,21,Woman,PlusCollege,Xhosa,English,n/a,n/a,No,BLP,20,20,20,20,20,2,8,9,8,10,1,6,6,6,true,6,6,6,6,6,46.308,37.228,0.0,0.0,39.24,15.260000000000002,0.0,0.0,54.480000000000004,54.480000000000004,0.0,0.0,54.480000000000004,34.05,0.0,0.0,194.50800000000004,141.018,0.0,0.0,13.0,12.0,12.0,20.0,20.0,5.0,2,1,2,0,9,6.0,6.0,6.0,true,6.0,5.0,1.0,6.0,3.0,,,,,,,,,,,,,,,,,,,,,,,,,,,,,,,,,,,,,,,,
0,61758dd4ab7ec0d91a929f3d,22,Woman,HighSchool,Xhosa,English,Zulu,Afrikaans,No,BLP,20,20,7,20,20,4,4,4,3,3,0,6,6,5,true,5,5,6,6,6,41.314,49.486000000000004,13.166,31.326,15.260000000000002,37.06,4.36,2.18,49.94,54.480000000000004,22.7,11.35,52.21,45.4,6.8100000000000005,4.54,158.724,186.42600000000002,47.036,49.396,19.0,20.0,20.0,20.0,20.0,10.0,6,5,7,6,10,6.0,6.0,6.0,true,6.0,6.0,3.0,5.0,6.0,6.0,3.0,0.0,20.0,0.0,0.0,0,0,0,0,0,3.0,3.0,2.0,true,2.0,0.0,1.0,2.0,0.0,17.0,4.0,6.0,20.0,20.0,2.0,0,1,0,1,0,2.0,3.0,0.0,true,0.0,1.0,0.0,1.0,0.0
0,628ed30ae7ff849e8bc91c86,25,Man,College,Filipino,English,N/A,N/A,N/A,BLP,20,20,12,20,20,3,7,8,3,5,2,5,5,4,true,4,5,5,6,5,43.13,37.682,0.0,0.0,27.250000000000004,27.250000000000004,0.0,0.0,40.86,45.4,0.0,0.0,47.67,43.13,0.0,0.0,158.91000000000003,153.462,0.0,0.0,16.0,12.0,12.0,20.0,20.0,3.0,3,2,7,5,8,5.0,5.0,5.0,true,5.0,4.0,5.0,5.0,5.0,,,,,,,,,,,,,,,,,,,,,,,,,,,,,,,,,,,,,,,,
0,631a1795de5efe7d3395caa3,24,Man,Masters,Dutch,English,n/a,n/a,No,BLP,20,20,12,20,20,3,9,10,7,5,5,6,6,6,true,6,6,6,6,6,43.13,12.712,0.0,0.0,39.24,15.260000000000002,0.0,0.0,54.480000000000004,54.480000000000004,0.0,0.0,54.480000000000004,20.43,0.0,0.0,191.33000000000004,102.882,0.0,0.0,10.0,8.0,7.0,0.0,0.0,3.0,1,0,3,5,5,6.0,6.0,6.0,true,6.0,2.0,1.0,3.0,3.0,,,,,,,,,,,,,,,,,,,,,,,,,,,,,,,,,,,,,,,,
0,63c5335da2b625ab1ade7e7c,25,Woman,Masters,Italian,English,German,n/a,No,BLP,20,20,20,20,20,4,8,10,4,9,10,6,6,6,true,6,6,4,6,6,47.216,18.614,10.896,0.0,44.690000000000005,7.630000000000001,13.080000000000002,0.0,54.480000000000004,52.21,11.35,0.0,49.94,38.59,2.27,0.0,196.32600000000002,117.04400000000001,37.596000000000004,0.0,15.0,2.0,18.0,4.0,0.0,2.0,2,0,4,1,0,6.0,6.0,6.0,true,5.0,5.0,0.0,6.0,6.0,10.0,0.0,10.0,2.0,0.0,2.0,0,0,2,0,0,2.0,1.0,1.0,true,1.0,0.0,0.0,0.0,1.0,,,,,,,,,,,,,,,,,,,,
0,6413799cf7721ee0ce637e09,20,Man,MinusCollege,English,n/a,n/a,n/a,n/a,BLP,20,9,15,20,20,1,10,10,10,10,10,6,6,6,true,6,6,6,6,6,38.59,0.0,0.0,0.0,54.50000000000001,0.0,0.0,0.0,54.480000000000004,0.0,0.0,0.0,54.480000000000004,0.0,0.0,0.0,202.05,0.0,0.0,0.0,,,,,,,,,,,,,,,,,,,,,,,,,,,,,,,,,,,,,,,,,,,,,,,,,,,,,,,,,,,,
0,646e0d2370c16a7561ae7dcb,22,Woman,College,English,Shona,n/a,n/a,no,BLP,20,20,12,20,20,0,10,9,10,9,10,6,6,6,true,6,6,6,6,6,41.768,36.774,0.0,0.0,52.32000000000001,2.18,0.0,0.0,54.480000000000004,20.43,0.0,0.0,54.480000000000004,43.13,0.0,0.0,203.048,102.51400000000001,0.0,0.0,20.0,20.0,1.0,20.0,20.0,0.0,0,1,0,1,0,5.0,4.0,0.0,true,0.0,2.0,5.0,6.0,6.0,,,,,,,,,,,,,,,,,,,,,,,,,,,,,,,,,,,,,,,,
0,6488afe97766c9083ffc3171,21,Man,College,German,english,n/a,n/a,no,BLP,20,15,10,10,9,13,7,4,6,4,5,6,6,6,true,6,5,5,6,6,34.958,27.694000000000003,0.0,0.0,28.340000000000003,26.160000000000004,0.0,0.0,54.480000000000004,54.480000000000004,0.0,0.0,49.94,45.4,0.0,0.0,167.71800000000002,153.734,0.0,0.0,14.0,13.0,10.0,7.0,6.0,11.0,3,6,4,6,5,6.0,6.0,6.0,true,6.0,2.0,6.0,6.0,6.0,,,,,,,,,,,,,,,,,,,,,,,,,,,,,,,,,,,,,,,,
0,649264e0b601af80c5677791,24,Man,College,Spanish,English,n/a,n/a,"No, just Spanish and English",BLP,20,16,18,20,20,1,7,9,8,5,6,6,6,6,true,6,6,4,5,6,43.13,15.436,0.0,0.0,38.150000000000006,16.35,0.0,0.0,54.480000000000004,54.480000000000004,0.0,0.0,47.67,54.480000000000004,0.0,0.0,183.43,140.746,0.0,0.0,9.0,6.0,13.0,1.0,4.0,1.0,3,1,2,5,4,6.0,6.0,6.0,true,6.0,6.0,6.0,6.0,6.0,,,,,,,,,,,,,,,,,,,,,,,,,,,,,,,,,,,,,,,,
0,6492c23a1a7735dfaab2b095,20,Man,HighSchool,Mandarin,Portuguese,English,n/a,No,BLP,20,20,0,0,20,0,6,9,6,5,2,6,6,6,true,6,6,6,6,6,27.240000000000002,51.756,19.522000000000002,0.0,30.520000000000003,20.71,13.080000000000002,0.0,54.480000000000004,54.480000000000004,47.67,0.0,54.480000000000004,52.21,34.05,0.0,166.72000000000003,179.156,114.322,0.0,20.0,20.0,14.0,20.0,20.0,20.0,3,1,3,5,7,6.0,6.0,6.0,true,6.0,6.0,6.0,5.0,6.0,12.0,20.0,10.0,0.0,0.0,1.0,1,0,1,0,1,4.0,5.0,6.0,true,6.0,3.0,3.0,5.0,4.0,,,,,,,,,,,,,,,,,,,,
0,6495a5f76daf70e418baf5f7,24,Woman,College,English,n/a,n/a,n/a,"afrikaans, hindi, korean",BLP,20,20,12,20,20,20,10,10,10,10,10,6,6,6,true,6,6,4,6,6,50.848,0.0,0.0,0.0,54.50000000000001,0.0,0.0,0.0,54.480000000000004,0.0,0.0,0.0,49.94,0.0,0.0,0.0,209.76800000000003,0.0,0.0,0.0,,,,,,,,,,,,,,,,,,,,,,,,,,,,,,,,,,,,,,,,,,,,,,,,,,,,,,,,,,,,
0,6497e970e2621e753513a695,24,Woman,College,english,afrikaans,northern sotho,zulu,spanish,BLP,17,8,16,20,20,20,10,9,10,9,10,6,6,6,true,6,6,0,3,1,45.854,40.86,47.216,47.216,52.32000000000001,0.0,10.9,1.09,54.480000000000004,54.480000000000004,54.480000000000004,54.480000000000004,22.7,18.16,54.480000000000004,31.78,175.35399999999998,113.5,167.07600000000002,134.566,13.0,5.0,15.0,20.0,17.0,20.0,0,0,0,0,0,6.0,6.0,6.0,true,6.0,5.0,0.0,2.0,1.0,18.0,10.0,16.0,20.0,20.0,20.0,0,0,0,1,0,6.0,6.0,6.0,true,6.0,6.0,6.0,6.0,6.0,18.0,10.0,16.0,20.0,20.0,20.0,0,1,0,0,0,6.0,6.0,6.0,true,6.0,5.0,1.0,5.0,3.0
0,64e7533f36d388e8b31d3309,23,Woman,College,IsiZulu,English,n/a,n/a,Yes,BLP,20,20,17,20,20,1,2,1,0,1,0,6,6,6,true,6,6,6,6,6,44.492000000000004,41.768,0.0,0.0,4.36,50.14,0.0,0.0,54.480000000000004,54.480000000000004,0.0,0.0,54.480000000000004,49.94,0.0,0.0,157.812,196.328,0.0,0.0,14.0,20.0,17.0,20.0,20.0,1.0,8,9,10,9,10,6.0,6.0,6.0,true,6.0,6.0,4.0,6.0,6.0,,,,,,,,,,,,,,,,,,,,,,,,,,,,,,,,,,,,,,,,
0,64e8bd55c9089d5bf26c90cd,19,Man,MinusCollege,Slovenian,English,Croatian,German,no,BLP,20,20,13,19,19,19,10,10,9,10,9,6,6,6,true,6,6,6,6,6,49.940000000000005,17.252,9.988,11.35,52.32000000000001,2.18,10.9,0.0,54.480000000000004,54.480000000000004,24.97,27.240000000000002,54.480000000000004,6.8100000000000005,0.0,0.0,211.22000000000003,80.72200000000001,45.858,38.59,15.0,13.0,10.0,0.0,0.0,0.0,0,0,1,0,1,6.0,6.0,6.0,true,6.0,0.0,0.0,3.0,0.0,14.0,8.0,0.0,0.0,0.0,0.0,0,0,0,0,0,3.0,5.0,3.0,true,0.0,0.0,0.0,0.0,0.0,12.0,4.0,9.0,0.0,0.0,0.0,0,0,0,0,0,2.0,4.0,3.0,true,3.0,0.0,0.0,0.0,0.0
0,64e8c14bbe184c20cb9d0583,19,Man,MinusCollege,Hungarian,English,n/a,n/a,No,BLP,20,20,14,19,19,2,9,10,8,10,10,6,6,6,true,6,6,6,6,6,42.676,12.258000000000001,0.0,0.0,51.230000000000004,3.2700000000000005,0.0,0.0,54.480000000000004,40.86,0.0,0.0,54.480000000000004,20.43,0.0,0.0,202.86600000000004,76.81800000000001,0.0,0.0,13.0,6.0,8.0,0.0,0.0,0.0,1,0,2,0,0,4.0,5.0,5.0,true,4.0,3.0,1.0,2.0,3.0,,,,,,,,,,,,,,,,,,,,,,,,,,,,,,,,,,,,,,,,
0,64e9d6f596308448ac67bb95,22,Man,MinusCollege,Czech,English,German,Japanese,"Slovakia, Russian",BLP,20,20,16,20,20,20,9,10,8,10,10,6,6,6,true,5,6,6,6,6,52.664,9.08,4.54,0.908,51.230000000000004,3.2700000000000005,10.9,0.0,52.21,43.13,2.27,6.8100000000000005,54.480000000000004,22.7,4.54,20.43,210.584,78.18,22.25,28.148,14.0,3.0,0.0,1.0,1.0,1.0,1,0,2,0,0,4.0,6.0,6.0,true,3.0,4.0,1.0,0.0,5.0,10.0,0.0,0.0,0.0,0.0,0.0,0,0,0,0,0,1.0,0.0,0.0,true,0.0,0.0,2.0,0.0,0.0,2.0,0.0,0.0,0.0,0.0,0.0,0,0,0,0,0,1.0,1.0,1.0,true,0.0,0.0,5.0,0.0,4.0
0,64f61553b5635b5e00595923,21,Woman,Masters,English,IsiXhosa,n/a,n/a,No,BLP,16,12,20,20,20,18,6,3,8,5,9,5,6,6,true,5,4,3,2,3,48.124,49.940000000000005,0.0,0.0,33.79,20.71,0.0,0.0,49.94,49.94,0.0,0.0,27.240000000000002,47.67,0.0,0.0,159.094,168.26,0.0,0.0,20.0,12.0,20.0,20.0,20.0,18.0,4,7,2,5,1,6.0,6.0,5.0,true,5.0,5.0,6.0,6.0,4.0,,,,,,,,,,,,,,,,,,,,,,,,,,,,,,,,,,,,,,,,
0,64f7a35c5f6503caaa59f79f,24,Woman,PlusCollege,ENGLISH,SETSWANA,ZULU,NDEBELE,No,BLP,10,0,6,20,1,3,10,0,10,10,0,6,6,6,true,6,6,1,6,6,18.16,40.406,25.878,37.228,32.7,21.8,0.0,0.0,54.480000000000004,54.480000000000004,29.51,29.51,43.13,36.32,22.7,43.13,148.47,153.006,78.08800000000001,109.868,20.0,20.0,7.0,20.0,20.0,2.0,0,10,0,0,10,6.0,6.0,6.0,true,6.0,6.0,3.0,3.0,4.0,7.0,0.0,8.0,20.0,20.0,2.0,0,0,0,0,0,3.0,6.0,3.0,true,1.0,1.0,4.0,3.0,2.0,7.0,20.0,12.0,20.0,20.0,3.0,0,0,0,0,0,3.0,6.0,3.0,true,1.0,6.0,6.0,4.0,3.0
0,64fc701b223abd16ad5c940e,20,Man,HighSchool,Portuguese,English,n/a,n/a,no,BLP,20,20,15,20,20,20,10,10,10,9,9,6,6,6,true,5,6,6,6,6,52.21,17.252,0.0,0.0,52.32000000000001,2.18,0.0,0.0,52.21,45.4,0.0,0.0,54.480000000000004,45.4,0.0,0.0,211.22000000000003,110.232,0.0,0.0,10.0,8.0,12.0,0.0,0.0,8.0,0,0,0,1,1,5.0,6.0,5.0,true,4.0,5.0,4.0,5.0,6.0,,,,,,,,,,,,,,,,,,,,,,,,,,,,,,,,,,,,,,,,
0,650330fa0cbc534b423f41e9,22,Man,PlusCollege,Arabic,English,French,spanish,Italian,BLP,20,20,20,20,20,20,8,10,0,9,8,6,6,6,true,6,6,6,6,6,54.480000000000004,25.424,40.86,4.994,38.150000000000006,4.36,21.8,1.09,54.480000000000004,54.480000000000004,54.480000000000004,31.78,54.480000000000004,40.86,38.59,27.240000000000002,201.59000000000003,125.12400000000001,155.73000000000002,65.10400000000001,12.0,8.0,16.0,0.0,20.0,0.0,1,0,1,1,1,6.0,6.0,6.0,true,6.0,5.0,1.0,6.0,6.0,16.0,16.0,17.0,1.0,20.0,20.0,1,0,8,0,1,6.0,6.0,6.0,true,6.0,4.0,1.0,6.0,6.0,4.0,1.0,6.0,0.0,0.0,0.0,0,0,1,0,0,3.0,4.0,5.0,true,2.0,2.0,0.0,4.0,6.0
0,6505a9adbb769aeea736a2f5,21,Man,MinusCollege,french,english,n/a,n/a,n/a,BLP,20,20,16,20,20,20,0,10,9,8,9,6,6,6,true,6,6,6,6,6,52.664,8.172,0.0,0.0,39.24,15.260000000000002,0.0,0.0,54.480000000000004,54.480000000000004,0.0,0.0,54.480000000000004,18.16,0.0,0.0,200.86400000000003,96.072,0.0,0.0,8.0,5.0,5.0,0.0,0.0,0.0,10,0,1,2,1,6.0,6.0,6.0,true,6.0,3.0,0.0,5.0,0.0,,,,,,,,,,,,,,,,,,,,,,,,,,,,,,,,,,,,,,,,
0,650aed9eb9cc2c717ba70c30,25,Woman,PlusCollege,English,Tshivenda,Sepedi,Sotho,Yes,BLP,14,14,20,20,20,20,5,5,5,3,6,6,6,6,true,6,6,6,6,0,49.032000000000004,50.848,16.344,26.332,26.160000000000004,11.99,11.99,8.72,54.480000000000004,54.480000000000004,47.67,43.13,40.86,54.480000000000004,20.43,15.89,170.53200000000004,171.798,96.434,94.072,19.0,18.0,20.0,20.0,20.0,15.0,2,2,1,5,1,6.0,6.0,6.0,true,6.0,6.0,6.0,6.0,6.0,2.0,3.0,0.0,20.0,6.0,5.0,1,1,2,1,2,6.0,6.0,6.0,true,3.0,3.0,6.0,0.0,0.0,16.0,7.0,0.0,20.0,12.0,3.0,2,2,2,1,1,6.0,6.0,6.0,true,1.0,1.0,6.0,0.0,0.0
0,6511e688100fd33b378fa688,19,Man,HighSchool,English,Polish,German,n/a,n/a,BLP,20,18,13,3,19,2,4,4,6,4,3,6,6,6,true,6,6,6,6,6,34.050000000000004,39.952,11.804,0.0,22.89,29.430000000000003,6.540000000000001,0.0,54.480000000000004,54.480000000000004,34.05,0.0,54.480000000000004,54.480000000000004,4.54,0.0,165.90000000000003,178.342,56.934,0.0,20.0,18.0,13.0,16.0,19.0,2.0,5,6,3,6,7,6.0,6.0,6.0,true,6.0,6.0,6.0,6.0,6.0,14.0,11.0,0.0,0.0,0.0,1.0,1,0,1,0,0,4.0,4.0,4.0,true,3.0,1.0,1.0,0.0,0.0,,,,,,,,,,,,,,,,,,,,
0,651c59ec0cb6fef4208190f5,19,Man,HighSchool,Polish,English,German,n/a,n/a,BLP,20,17,9,17,19,2,7,9,2,9,9,6,6,6,true,6,6,6,6,3,38.136,27.240000000000002,10.442,0.0,39.24,14.170000000000002,10.9,0.0,54.480000000000004,54.480000000000004,43.13,0.0,47.67,47.67,34.05,0.0,179.526,143.56,98.522,0.0,18.0,15.0,4.0,2.0,19.0,2.0,3,1,7,1,1,6.0,6.0,6.0,true,6.0,6.0,6.0,6.0,3.0,13.0,8.0,0.0,0.0,0.0,2.0,0,0,1,0,0,5.0,5.0,5.0,true,4.0,4.0,4.0,4.0,3.0,,,,,,,,,,,,,,,,,,,,
0,651eda4af4a809dbba0bb002,25,Woman,Masters,Turkish,English,german,n/a,no,BLP,20,20,18,20,20,20,7,10,4,10,10,6,6,6,true,6,6,6,6,6,53.572,12.258000000000001,7.718,0.0,44.690000000000005,9.81,10.9,0.0,54.480000000000004,38.59,27.240000000000002,0.0,54.480000000000004,38.59,38.59,0.0,207.22200000000004,99.248,84.44800000000001,0.0,11.0,1.0,13.0,1.0,0.0,1.0,3,0,6,0,0,4.0,5.0,4.0,true,4.0,4.0,1.0,6.0,6.0,6.0,6.0,5.0,0.0,0.0,0.0,0,0,0,0,0,3.0,3.0,3.0,true,3.0,4.0,1.0,6.0,6.0,,,,,,,,,,,,,,,,,,,,
0,65352001dbe3e18eae5a8300,21,Man,College,french,english,japanese,spanish,no,BLP,20,20,20,20,20,3,9,10,10,9,9,6,6,6,true,6,6,6,6,6,46.762,10.442,0.454,4.54,51.230000000000004,3.2700000000000005,10.9,0.0,54.480000000000004,49.94,9.08,13.620000000000001,54.480000000000004,34.05,20.43,2.27,206.952,97.702,40.864000000000004,20.43,15.0,5.0,3.0,0.0,0.0,0.0,1,0,0,1,1,5.0,6.0,6.0,true,5.0,5.0,5.0,4.0,1.0,1.0,0.0,0.0,0.0,0.0,0.0,0,0,0,0,0,0.0,1.0,2.0,true,1.0,1.0,2.0,5.0,1.0,5.0,0.0,5.0,0.0,0.0,0.0,0,0,0,0,0,1.0,2.0,2.0,true,1.0,1.0,0.0,0.0,0.0
0,65361483b7f9881afa9b4cda,20,Man,HighSchool,Polish,English,n/a,n/a,no,BLP,20,20,16,20,20,0,10,10,9,8,10,6,6,6,true,6,6,6,6,6,43.584,18.16,0.0,0.0,51.230000000000004,3.2700000000000005,0.0,0.0,54.480000000000004,49.94,0.0,0.0,54.480000000000004,40.86,0.0,0.0,203.774,112.23,0.0,0.0,16.0,8.0,16.0,0.0,0.0,0.0,0,0,1,2,0,5.0,6.0,6.0,true,5.0,4.0,3.0,6.0,5.0,,,,,,,,,,,,,,,,,,,,,,,,,,,,,,,,,,,,,,,,
0,653d2df588326f6f627b8cb5,21,Man,College,French,English,Spanish,n/a,no,BLP,20,20,20,20,20,0,10,10,5,7,7,6,6,6,true,5,6,6,6,6,45.4,14.528,6.356,0.0,42.510000000000005,11.99,10.9,0.0,52.21,43.13,20.43,0.0,54.480000000000004,52.21,31.78,0.0,194.60000000000002,121.858,69.46600000000001,0.0,12.0,5.0,15.0,0.0,0.0,0.0,0,0,5,3,3,5.0,5.0,5.0,true,4.0,5.0,6.0,6.0,6.0,8.0,0.0,6.0,0.0,0.0,0.0,0,0,0,0,0,3.0,2.0,2.0,true,2.0,0.0,2.0,6.0,6.0,,,,,,,,,,,,,,,,,,,,
0,653fb764c9aed77c01457531,21,Man,MinusCollege,Hungary,English,Germany,n/a,-,BLP,20,20,14,20,20,1,10,10,9,9,10,6,6,6,true,6,6,6,6,6,43.13,15.89,17.252,0.0,52.32000000000001,2.18,10.9,0.0,54.480000000000004,52.21,31.78,0.0,54.480000000000004,47.67,2.27,0.0,204.41000000000003,117.95,62.202000000000005,0.0,12.0,9.0,13.0,0.0,0.0,1.0,0,0,1,1,0,5.0,6.0,6.0,true,6.0,5.0,4.0,6.0,6.0,16.0,12.0,10.0,0.0,0.0,0.0,0,0,0,0,0,2.0,3.0,6.0,true,3.0,0.0,0.0,0.0,1.0,,,,,,,,,,,,,,,,,,,,
0,654632f222cb15acd453c0d3,21,Man,MinusCollege,Dutch,English,German,French,Russian,BLP,20,20,15,20,20,20,9,10,5,4,8,6,6,6,true,5,6,6,6,6,52.21,15.436,6.8100000000000005,4.994,39.24,15.260000000000002,10.9,0.0,52.21,54.480000000000004,31.78,20.43,54.480000000000004,49.94,15.89,11.35,198.14,135.11599999999999,65.38,36.774,12.0,11.0,10.0,0.0,0.0,1.0,1,0,5,6,2,6.0,6.0,6.0,true,6.0,6.0,4.0,6.0,6.0,7.0,4.0,4.0,0.0,0.0,0.0,0,0,0,0,0,3.0,4.0,4.0,true,3.0,0.0,3.0,4.0,0.0,8.0,0.0,3.0,0.0,0.0,0.0,0,0,0,0,0,2.0,2.0,3.0,true,2.0,0.0,2.0,3.0,0.0
0,65523123662559399b1aa48a,20,Woman,HighSchool,English,n/a,n/a,n/a,Afrikaans,BLP,20,20,15,20,20,5,10,10,10,10,10,6,6,6,true,6,6,6,5,5,45.4,0.0,0.0,0.0,54.50000000000001,0.0,0.0,0.0,54.480000000000004,0.0,0.0,0.0,49.94,0.0,0.0,0.0,204.32,0.0,0.0,0.0,,,,,,,,,,,,,,,,,,,,,,,,,,,,,,,,,,,,,,,,,,,,,,,,,,,,,,,,,,,,
0,6557def45fc0ffbd46ad01de,19,Man,HighSchool,Polish,English,German,n/a,n/a,BLP,20,20,12,19,19,0,9,10,8,7,7,6,6,6,true,6,6,6,6,6,40.86,11.35,3.632,0.0,44.690000000000005,8.72,11.99,0.0,54.480000000000004,54.480000000000004,34.05,0.0,54.480000000000004,49.94,24.97,0.0,194.51000000000005,124.49000000000001,74.642,0.0,16.0,8.0,0.0,1.0,0.0,0.0,1,0,1,3,3,6.0,6.0,6.0,true,6.0,6.0,4.0,6.0,6.0,8.0,0.0,0.0,0.0,0.0,0.0,0,0,1,0,0,3.0,4.0,4.0,true,4.0,2.0,0.0,6.0,3.0,,,,,,,,,,,,,,,,,,,,
0,655f5b404a09c686df3b0143,19,Man,MinusCollege,Portuguese,English,n/a,n/a,n/a,BLP,20,20,12,19,19,19,9,10,7,8,10,6,6,6,true,5,6,6,6,6,49.486000000000004,13.166,0.0,0.0,47.96,6.540000000000001,0.0,0.0,52.21,45.4,0.0,0.0,54.480000000000004,9.08,0.0,0.0,204.13600000000002,74.18599999999999,0.0,0.0,13.0,10.0,6.0,0.0,0.0,0.0,1,0,3,2,0,5.0,6.0,5.0,true,4.0,1.0,3.0,0.0,0.0,,,,,,,,,,,,,,,,,,,,,,,,,,,,,,,,,,,,,,,,
0,655f8b959477c803eb906622,20,Woman,MinusCollege,Arabic,English,n/a,n/a,no,BLP,20,20,8,8,20,0,0,10,0,3,5,6,6,4,true,3,6,6,6,6,34.504,25.878,0.0,0.0,19.62,34.88,0.0,0.0,43.13,54.480000000000004,0.0,0.0,54.480000000000004,36.32,0.0,0.0,151.73399999999998,151.558,0.0,0.0,16.0,11.0,17.0,12.0,0.0,1.0,10,0,10,7,5,6.0,6.0,6.0,true,6.0,4.0,0.0,6.0,6.0,,,,,,,,,,,,,,,,,,,,,,,,,,,,,,,,,,,,,,,,
0,65672c69a3737224f1d0bbfa,22,Woman,Masters,Arabic,English,French,Spanish,a tiny bit of chinese and german but cant hold a convo in them,BLP,20,20,20,20,20,3,3,5,1,5,5,6,6,6,true,6,6,6,6,6,46.762,24.970000000000002,26.786,1.362,20.71,22.89,11.99,0.0,54.480000000000004,54.480000000000004,47.67,22.7,54.480000000000004,54.480000000000004,31.78,27.240000000000002,176.43200000000002,156.82,118.226,51.302,12.0,20.0,20.0,1.0,0.0,2.0,5,1,5,5,5,6.0,6.0,6.0,true,6.0,6.0,6.0,6.0,6.0,16.0,20.0,20.0,1.0,1.0,1.0,2,4,4,0,0,5.0,5.0,6.0,true,5.0,2.0,0.0,6.0,6.0,1.0,0.0,2.0,0.0,0.0,0.0,0,0,0,0,0,2.0,3.0,3.0,true,2.0,0.0,0.0,6.0,6.0
0,65774d879c53cc867fbe070c,24,Man,PlusCollege,IsiXhosa,English,n/a,n/a,No,BLP,20,20,2,20,20,5,8,10,5,1,0,6,6,3,true,2,6,6,6,6,39.498000000000005,37.682,0.0,0.0,26.160000000000004,28.340000000000003,0.0,0.0,38.59,54.480000000000004,0.0,0.0,54.480000000000004,18.16,0.0,0.0,158.728,138.662,0.0,0.0,13.0,10.0,20.0,20.0,15.0,5.0,2,0,5,9,10,6.0,6.0,6.0,true,6.0,5.0,0.0,3.0,0.0,,,,,,,,,,,,,,,,,,,,,,,,,,,,,,,,,,,,,,,,
0,657bfe6e245848c8fef0b389,21,Man,College,hungarian,english,germany,n/a,-,BLP,20,20,15,20,20,2,10,10,9,9,10,6,6,6,true,6,6,6,6,6,44.038000000000004,13.166,16.344,0.0,52.32000000000001,2.18,10.9,0.0,54.480000000000004,47.67,34.05,0.0,54.480000000000004,54.480000000000004,0.0,0.0,205.31800000000004,117.49600000000001,61.294,0.0,12.0,8.0,9.0,0.0,0.0,0.0,0,0,1,1,0,4.0,5.0,6.0,true,6.0,6.0,6.0,6.0,6.0,16.0,12.0,8.0,0.0,0.0,0.0,0,0,0,0,0,2.0,3.0,6.0,true,4.0,0.0,0.0,0.0,0.0,,,,,,,,,,,,,,,,,,,,
0,6597e935328d41ae3aeef33b,24,Man,College,polish,english,n/a,n/a,n/a,BLP,20,20,16,20,20,20,10,10,9,7,8,6,6,6,true,6,6,3,6,0,52.664,20.43,0.0,0.0,47.96,6.540000000000001,0.0,0.0,54.480000000000004,43.13,0.0,0.0,34.05,24.97,0.0,0.0,189.154,95.07,0.0,0.0,16.0,13.0,16.0,0.0,0.0,0.0,0,0,1,3,2,4.0,6.0,6.0,true,3.0,4.0,3.0,4.0,0.0,,,,,,,,,,,,,,,,,,,,,,,,,,,,,,,,,,,,,,,,
0,6598994f0e7e5db183bfe3ee,24,Woman,PlusCollege,Spanish,English,n/a,n/a,no,BLP,20,20,20,20,20,20,8,9,1,9,9,6,6,6,true,6,6,6,6,6,54.480000000000004,13.620000000000001,0.0,0.0,39.24,15.260000000000002,0.0,0.0,54.480000000000004,49.94,0.0,0.0,54.480000000000004,54.480000000000004,0.0,0.0,202.68,133.3,0.0,0.0,10.0,4.0,12.0,2.0,0.0,2.0,2,1,9,1,1,5.0,6.0,6.0,true,5.0,6.0,6.0,6.0,6.0,,,,,,,,,,,,,,,,,,,,,,,,,,,,,,,,,,,,,,,,
0,659ada2d6df23a57d8e56752,19,Woman,HighSchool,italian,english,n/a,n/a,no,BLP,20,18,13,19,19,19,10,10,6,10,10,6,6,6,true,5,6,3,6,6,49.032000000000004,15.436,0.0,0.0,50.14,4.36,0.0,0.0,52.21,45.4,0.0,0.0,47.67,38.59,0.0,0.0,199.05200000000002,103.786,0.0,0.0,14.0,7.0,13.0,0.0,0.0,0.0,0,0,4,0,0,5.0,5.0,5.0,true,5.0,6.0,1.0,4.0,6.0,,,,,,,,,,,,,,,,,,,,,,,,,,,,,,,,,,,,,,,,
0,65a97217d4fb858939a16b0f,19,Man,MinusCollege,french,english,italian,a little bit of russian,no,BLP,20,20,19,19,19,19,8,10,7,6,10,6,6,6,true,6,6,6,6,6,52.664,14.982000000000001,8.626,3.632,44.690000000000005,8.72,11.99,0.0,54.480000000000004,49.94,34.05,2.27,54.480000000000004,27.240000000000002,20.43,11.35,206.31400000000002,100.882,75.096,17.252,12.0,8.0,11.0,0.0,0.0,2.0,2,0,3,3,0,5.0,6.0,6.0,true,5.0,6.0,0.0,6.0,0.0,9.0,3.0,7.0,0.0,0.0,0.0,0,0,0,1,0,3.0,4.0,5.0,true,3.0,3.0,3.0,3.0,0.0,6.0,0.0,2.0,0.0,0.0,0.0,0,0,0,0,0,0.0,0.0,1.0,true,0.0,2.0,0.0,3.0,0.0
0,65a97afe116a650acc588c5b,22,Man,HighSchool,english,punjabi,n/a,n/a,no,BLP,17,15,18,20,19,20,10,10,10,10,10,6,6,6,true,6,6,6,6,6,49.486000000000004,19.068,0.0,0.0,54.50000000000001,0.0,0.0,0.0,54.480000000000004,11.35,0.0,0.0,54.480000000000004,29.51,0.0,0.0,212.94600000000003,59.928,0.0,0.0,20.0,0.0,0.0,3.0,19.0,0.0,0,0,0,0,0,2.0,3.0,0.0,true,0.0,2.0,4.0,4.0,3.0,,,,,,,,,,,,,,,,,,,,,,,,,,,,,,,,,,,,,,,,
0,65abe33e1c79ea32da32ab0f,18,Woman,HighSchool,italian,english,n/a,n/a,n/a,BLP,20,17,15,19,19,19,6,10,8,6,6,6,6,6,true,6,5,6,6,6,49.486000000000004,19.522000000000002,0.0,0.0,39.24,15.260000000000002,0.0,0.0,54.480000000000004,49.94,0.0,0.0,52.21,45.4,0.0,0.0,195.41600000000003,130.122,0.0,0.0,17.0,13.0,13.0,0.0,0.0,0.0,4,0,2,4,4,5.0,6.0,6.0,true,5.0,6.0,3.0,6.0,5.0,,,,,,,,,,,,,,,,,,,,,,,,,,,,,,,,,,,,,,,,
0,65ae78fc9cd81e8e26612cb2,19,Woman,College,polish,english,n/a,n/a,no,BLP,20,20,19,20,20,20,9,10,10,8,10,6,6,6,true,6,6,6,6,6,54.026,19.976,0.0,0.0,51.230000000000004,3.2700000000000005,0.0,0.0,54.480000000000004,52.21,0.0,0.0,54.480000000000004,38.59,0.0,0.0,214.216,114.046,0.0,0.0,17.0,8.0,19.0,0.0,0.0,0.0,1,0,0,2,0,6.0,6.0,6.0,true,5.0,5.0,0.0,6.0,6.0,,,,,,,,,,,,,,,,,,,,,,,,,,,,,,,,,,,,,,,,
0,65b901451577b2a0f18bc7ab,23,Man,HighSchool,Hungarian,English,n/a,n/a,No,BLP,20,20,20,20,20,20,10,10,9,8,9,6,6,6,true,6,6,5,6,6,54.480000000000004,10.896,0.0,0.0,50.14,4.36,0.0,0.0,54.480000000000004,54.480000000000004,0.0,0.0,52.21,47.67,0.0,0.0,211.31000000000003,117.406,0.0,0.0,10.0,7.0,2.0,0.0,0.0,5.0,0,0,1,2,1,6.0,6.0,6.0,true,6.0,6.0,3.0,6.0,6.0,,,,,,,,,,,,,,,,,,,,,,,,,,,,,,,,,,,,,,,,
0,65b96f3bbecf5e7d0f5853cd,22,Man,College,Spanish,English,n/a,n/a,no,BLP,20,20,12,20,20,20,10,10,9,9,9,6,6,6,true,6,6,6,6,0,50.848,10.896,0.0,0.0,51.230000000000004,3.2700000000000005,0.0,0.0,54.480000000000004,38.59,0.0,0.0,40.86,38.59,0.0,0.0,197.418,91.346,0.0,0.0,13.0,0.0,11.0,0.0,0.0,0.0,0,0,1,1,1,4.0,5.0,5.0,true,3.0,5.0,6.0,6.0,0.0,,,,,,,,,,,,,,,,,,,,,,,,,,,,,,,,,,,,,,,,
0,65c23d4dbad7238169292b54,18,Man,HighSchool,Dutch,English,N/A,N/A,no,BLP,20,20,18,18,18,18,9,10,9,9,5,6,6,6,true,6,6,6,6,6,50.848,39.952,0.0,0.0,45.78,8.72,0.0,0.0,54.480000000000004,52.21,0.0,0.0,54.480000000000004,31.78,0.0,0.0,205.58800000000002,132.662,0.0,0.0,13.0,11.0,14.0,18.0,18.0,14.0,1,0,1,1,5,5.0,6.0,6.0,true,6.0,5.0,3.0,3.0,3.0,,,,,,,,,,,,,,,,,,,,,,,,,,,,,,,,,,,,,,,,
0,65cba84263ac644fa79702ca,21,Woman,MinusCollege,English,Vietnamese,n/a,n/a,n/a,BLP,20,20,20,20,20,20,10,9,10,10,10,6,6,6,true,6,6,6,6,6,54.480000000000004,24.970000000000002,0.0,0.0,53.410000000000004,1.09,0.0,0.0,54.480000000000004,18.16,0.0,0.0,54.480000000000004,40.86,0.0,0.0,216.85000000000002,85.08,0.0,0.0,15.0,10.0,10.0,0.0,20.0,0.0,0,1,0,0,0,2.0,2.0,2.0,true,2.0,2.0,4.0,6.0,6.0,,,,,,,,,,,,,,,,,,,,,,,,,,,,,,,,,,,,,,,,
0,65cf6d92ac6f7932b1470fb4,21,Woman,HighSchool,French,English,n/a,n/a,No,BLP,20,20,12,20,20,1,3,10,1,1,3,5,6,6,true,6,4,4,6,5,42.222,9.08,0.0,0.0,19.62,34.88,0.0,0.0,52.21,52.21,0.0,0.0,43.13,47.67,0.0,0.0,157.182,143.84,0.0,0.0,9.0,9.0,0.0,0.0,0.0,2.0,7,0,9,9,7,5.0,6.0,6.0,true,6.0,6.0,4.0,6.0,5.0,,,,,,,,,,,,,,,,,,,,,,,,,,,,,,,,,,,,,,,,
0,65dce7715387badaf80e875d,18,Man,HighSchool,French,english,chinese,spanish,no,BLP,20,14,12,16,8,14,9,3,7,8,7,6,6,6,true,6,6,4,6,6,38.136,14.528,16.798000000000002,9.988,37.06,3.2700000000000005,8.72,1.09,54.480000000000004,49.94,31.78,24.97,49.94,38.59,45.4,11.35,179.61599999999999,106.328,102.69800000000001,47.398,14.0,9.0,8.0,0.0,1.0,0.0,1,0,2,0,0,5.0,6.0,6.0,true,5.0,3.0,2.0,6.0,6.0,16.0,8.0,5.0,2.0,6.0,0.0,0,7,0,2,3,5.0,5.0,2.0,true,2.0,4.0,4.0,6.0,6.0,10.0,6.0,6.0,0.0,0.0,0.0,0,0,1,0,0,3.0,2.0,3.0,true,3.0,2.0,0.0,2.0,1.0
0,65e7259b24116547c5512668,23,Man,PlusCollege,italian,english,german,n/a,n/a,BLP,20,20,20,20,20,20,9,9,8,5,10,6,6,6,true,6,6,6,6,6,54.480000000000004,16.344,10.442,0.0,44.690000000000005,9.81,9.81,0.0,54.480000000000004,45.4,13.620000000000001,0.0,54.480000000000004,34.05,18.16,0.0,208.13000000000005,105.604,52.032,0.0,14.0,0.0,20.0,0.0,0.0,2.0,1,1,2,5,0,4.0,5.0,6.0,true,5.0,6.0,0.0,6.0,3.0,5.0,0.0,18.0,0.0,0.0,0.0,0,0,0,0,0,2.0,1.0,3.0,true,0.0,6.0,0.0,1.0,1.0,,,,,,,,,,,,,,,,,,,,
0,65f33b94cd6885d54029582d,24,Man,PlusCollege,English,n/a,n/a,n/a,Telugu,BLP,13,10,20,0,0,6,10,10,10,10,10,4,4,5,true,4,5,4,3,5,22.246000000000002,0.0,0.0,0.0,54.50000000000001,0.0,0.0,0.0,38.59,0.0,0.0,0.0,38.59,0.0,0.0,0.0,153.92600000000002,0.0,0.0,0.0,,,,,,,,,,,,,,,,,,,,,,,,,,,,,,,,,,,,,,,,,,,,,,,,,,,,,,,,,,,,
0,65f7be6ac59662b24ac0f9b0,21,Man,MinusCollege,Hindi,English,na,na,no,BLP,20,20,15,20,20,1,7,7,5,5,1,6,6,6,true,6,6,6,6,1,43.584,35.412,0.0,0.0,27.250000000000004,27.250000000000004,0.0,0.0,54.480000000000004,54.480000000000004,0.0,0.0,43.13,38.59,0.0,0.0,168.44400000000002,155.73200000000003,0.0,0.0,17.0,20.0,20.0,20.0,0.0,1.0,3,3,5,5,9,6.0,6.0,6.0,true,6.0,6.0,0.0,6.0,5.0,,,,,,,,,,,,,,,,,,,,,,,,,,,,,,,,,,,,,,,,
0,65fae6b84fa6b3101d2ca4b1,20,Man,College,English,Hindi,n/a,n/a,no,BLP,15,12,15,20,20,20,4,5,6,7,5,6,6,6,true,6,6,6,6,6,46.308,45.854,0.0,0.0,29.430000000000003,25.07,0.0,0.0,54.480000000000004,52.21,0.0,0.0,54.480000000000004,52.21,0.0,0.0,184.69800000000004,175.34400000000002,0.0,0.0,15.0,14.0,12.0,20.0,20.0,20.0,6,5,4,3,5,6.0,6.0,6.0,true,5.0,6.0,6.0,5.0,6.0,,,,,,,,,,,,,,,,,,,,,,,,,,,,,,,,,,,,,,,,
0,65fb18ef1c73590e7aaf1d48,25,Man,College,English,Kiswahili,German,Kitaita,No,BLP,20,20,20,20,20,20,8,7,9,6,5,6,6,6,true,6,6,6,6,6,54.480000000000004,54.480000000000004,43.584,45.4,38.150000000000006,7.630000000000001,14.170000000000002,2.18,54.480000000000004,54.480000000000004,52.21,29.51,54.480000000000004,54.480000000000004,54.480000000000004,52.21,201.59000000000003,171.07,164.44400000000002,129.3,20.0,20.0,20.0,20.0,20.0,20.0,1,2,1,2,1,6.0,6.0,6.0,true,6.0,6.0,6.0,6.0,6.0,14.0,10.0,20.0,20.0,20.0,12.0,1,0,0,1,4,5.0,6.0,6.0,true,6.0,6.0,6.0,6.0,6.0,20.0,20.0,0.0,20.0,20.0,20.0,0,1,0,1,0,2.0,4.0,6.0,true,1.0,5.0,6.0,6.0,6.0
0,65fc949678623ac83f926940,21,Woman,College,Romanian,English,Dutch,German,No,BLP,20,20,12,20,20,0,6,10,0,5,6,6,6,6,true,6,5,6,3,6,41.768,39.498000000000005,7.264,6.356,29.430000000000003,21.8,14.170000000000002,0.0,54.480000000000004,54.480000000000004,36.32,29.51,45.4,52.21,11.35,6.8100000000000005,171.078,167.988,69.104,42.676,15.0,13.0,16.0,20.0,20.0,3.0,4,0,7,5,4,6.0,6.0,6.0,true,6.0,5.0,6.0,6.0,6.0,3.0,2.0,4.0,4.0,0.0,3.0,0,0,3,0,0,3.0,5.0,5.0,true,3.0,0.0,2.0,3.0,0.0,8.0,0.0,4.0,2.0,0.0,0.0,0,0,0,0,0,2.0,4.0,4.0,true,3.0,0.0,0.0,3.0,0.0
0,66031000461c44484ac359a8,25,Man,College,Greek,English,Russian,n/a,No,BLP,0,17,14,20,20,20,9,9,9,8,6,6,6,6,true,6,6,6,6,6,41.314,22.246000000000002,9.988,0.0,44.690000000000005,6.540000000000001,11.99,0.0,54.480000000000004,54.480000000000004,40.86,0.0,54.480000000000004,52.21,43.13,0.0,194.964,135.476,105.968,0.0,5.0,12.0,10.0,0.0,20.0,2.0,1,0,1,1,3,6.0,6.0,6.0,true,6.0,6.0,5.0,6.0,6.0,5.0,14.0,3.0,0.0,0.0,0.0,0,1,0,1,1,5.0,5.0,4.0,true,4.0,6.0,5.0,4.0,4.0,,,,,,,,,,,,,,,,,,,,
0,660310c1b1a7ea09dee682e2,24,Woman,College,Gree,Englsh,Spnsh,n/,no,BLP,20,20,14,20,20,5,8,10,7,6,10,6,6,6,true,6,6,5,6,6,44.946,15.89,0.908,0.0,44.690000000000005,8.72,11.99,0.0,54.480000000000004,47.67,22.7,0.0,52.21,47.67,34.05,0.0,196.326,119.95,69.648,0.0,14.0,6.0,10.0,0.0,0.0,5.0,2,0,3,3,0,5.0,5.0,5.0,true,6.0,6.0,4.0,6.0,5.0,0.0,0.0,2.0,0.0,0.0,0.0,0,0,0,1,0,2.0,3.0,3.0,true,2.0,3.0,4.0,5.0,3.0,0.0,0.0,0.0,0.0,0.0,0.0,0,0,0,0,0,0.0,0.0,0.0,true,0.0,0.0,0.0,0.0,0.0
0,660678406bba1ade08345803,21,Man,MinusCollege,Croatian,English,German,n/a,"Apart from Croatian, English and German, no, Serbian and Bosnian are very similiar so I guess they don't count",BLP,20,20,20,20,20,2,8,10,9,7,10,6,6,6,true,6,6,6,6,6,46.308,18.16,4.994,0.0,47.96,6.540000000000001,10.9,0.0,54.480000000000004,54.480000000000004,18.16,0.0,54.480000000000004,38.59,22.7,0.0,203.228,117.77000000000001,56.754000000000005,0.0,17.0,12.0,10.0,0.0,0.0,1.0,2,0,1,3,0,6.0,6.0,6.0,true,6.0,4.0,3.0,6.0,4.0,5.0,2.0,4.0,0.0,0.0,0.0,0,0,0,0,0,1.0,3.0,2.0,true,2.0,2.0,1.0,4.0,3.0,,,,,,,,,,,,,,,,,,,,
0,6606800e185d326591af6f7a,22,Man,HighSchool,Cebuano,English,Norwegian,Tagalog,No,BLP,20,20,0,12,20,0,2,4,3,2,0,5,5,5,true,3,5,5,6,3,32.688,43.13,4.086,28.148,11.99,15.260000000000002,25.07,4.36,40.86,54.480000000000004,38.59,24.97,43.13,54.480000000000004,49.94,27.240000000000002,128.668,167.35000000000002,117.686,84.718,20.0,20.0,13.0,20.0,20.0,2.0,4,3,3,2,2,6.0,6.0,6.0,true,6.0,6.0,6.0,6.0,6.0,0.0,0.0,1.0,3.0,3.0,2.0,3,2,3,5,8,4.0,4.0,4.0,true,5.0,5.0,5.0,6.0,6.0,20.0,8.0,2.0,12.0,20.0,0.0,1,1,1,1,0,2.0,3.0,3.0,true,3.0,3.0,3.0,3.0,3.0
0,6606c9d692990fbf223f63bb,18,Man,MinusHighSchool,Polish,English,n/a,n/a,No,BLP,20,6,12,18,18,18,8,10,8,5,2,6,6,6,true,6,6,6,6,6,41.768,13.620000000000001,0.0,0.0,35.970000000000006,18.53,0.0,0.0,54.480000000000004,49.94,0.0,0.0,54.480000000000004,47.67,0.0,0.0,186.69800000000004,129.76,0.0,0.0,14.0,4.0,12.0,0.0,0.0,0.0,2,0,2,5,8,5.0,6.0,6.0,true,5.0,6.0,4.0,6.0,5.0,,,,,,,,,,,,,,,,,,,,,,,,,,,,,,,,,,,,,,,,
0,660c0d70a8f60acced0c8cc8,22,Woman,College,Portuguese,English,n/a,n/a,No,BLP,20,20,12,20,20,20,8,9,10,10,10,6,6,6,true,6,6,6,6,6,50.848,10.442,0.0,0.0,51.230000000000004,3.2700000000000005,0.0,0.0,54.480000000000004,29.51,0.0,0.0,54.480000000000004,18.16,0.0,0.0,211.038,61.382000000000005,0.0,0.0,14.0,0.0,7.0,0.0,1.0,1.0,2,1,0,0,0,3.0,4.0,4.0,true,2.0,1.0,0.0,6.0,1.0,,,,,,,,,,,,,,,,,,,,,,,,,,,,,,,,,,,,,,,,
0,660c265dce47171c0dd7d359,20,Man,HighSchool,Russian,Ukraininan,Englsih,French,n/a,BLP,20,20,11,17,17,17,7,10,0,4,9,6,6,6,true,6,6,6,3,0,46.308,43.584,15.89,4.086,32.7,15.260000000000002,17.44,0.0,54.480000000000004,54.480000000000004,40.86,11.35,34.05,47.67,24.97,0.0,167.538,160.99400000000003,99.16,15.436,20.0,14.0,11.0,17.0,17.0,17.0,2,0,8,4,0,6.0,6.0,6.0,true,6.0,6.0,6.0,3.0,6.0,14.0,8.0,11.0,1.0,1.0,0.0,1,0,2,2,1,5.0,5.0,5.0,true,3.0,3.0,3.0,3.0,2.0,3.0,0.0,2.0,2.0,2.0,0.0,0,0,0,0,0,1.0,2.0,1.0,true,1.0,0.0,0.0,0.0,0.0
0,66156fd87e14e8a60c007e17,25,Man,Masters,Slovak,Czech,English,Polish,n/a,BLP,20,20,13,20,20,20,9,8,8,3,10,6,6,6,true,6,6,6,6,6,51.302,18.16,15.89,5.448,41.42,0.0,19.62,0.0,54.480000000000004,52.21,49.94,6.8100000000000005,54.480000000000004,40.86,47.67,6.8100000000000005,201.68200000000002,111.23,133.12,19.068,20.0,20.0,0.0,0.0,0.0,0.0,0,0,0,0,0,6.0,6.0,6.0,true,5.0,6.0,6.0,6.0,0.0,12.0,8.0,11.0,0.0,0.0,4.0,1,2,2,7,0,5.0,6.0,6.0,true,5.0,6.0,3.0,6.0,6.0,10.0,2.0,0.0,0.0,0.0,0.0,0,0,0,0,0,1.0,1.0,1.0,true,0.0,0.0,3.0,0.0,0.0
0,66168e55cb60649609600268,22,Man,PlusCollege,english,siswati,zulu,n/a,no,BLP,9,1,10,20,20,20,7,0,8,5,10,5,6,6,true,6,6,5,6,6,36.32,49.486000000000004,25.878,0.0,32.7,16.35,4.36,0.0,52.21,54.480000000000004,40.86,0.0,52.21,54.480000000000004,34.05,0.0,173.44000000000003,174.79600000000002,105.148,0.0,17.0,12.0,20.0,20.0,20.0,20.0,2,9,1,3,0,6.0,6.0,6.0,true,6.0,6.0,6.0,6.0,6.0,4.0,3.0,6.0,20.0,20.0,4.0,1,1,1,2,0,4.0,4.0,5.0,true,5.0,4.0,3.0,4.0,4.0,,,,,,,,,,,,,,,,,,,,
0,6616a8636a12b432e8d914b5,25,Woman,PlusCollege,Spanish,English,French,Icelandic and German,No,BLP,20,20,20,20,20,20,4,5,0,5,5,6,6,6,true,6,6,6,6,6,54.480000000000004,17.706,0.908,1.816,20.71,26.160000000000004,6.540000000000001,6.540000000000001,54.480000000000004,54.480000000000004,18.16,15.89,54.480000000000004,40.86,6.8100000000000005,31.78,184.15000000000003,139.20600000000002,32.418,56.026,15.0,4.0,16.0,0.0,2.0,2.0,3,5,6,5,5,6.0,6.0,6.0,true,6.0,6.0,0.0,6.0,6.0,0.0,0.0,1.0,1.0,0.0,0.0,1,0,0,0,0,2.0,3.0,2.0,true,1.0,0.0,0.0,3.0,0.0,0.0,0.0,1.0,1.0,1.0,1.0,2,0,4,0,0,2.0,2.0,2.0,true,1.0,0.0,2.0,6.0,6.0
0,6617af3304fe756a213cce24,23,Woman,PhD,English,Portuguese,Isizulu,Tsonga,Setswana,BLP,9,4,15,20,20,5,8,0,9,9,10,6,6,6,true,6,6,2,6,6,33.142,17.252,29.964000000000002,35.866,39.24,2.18,4.36,5.45,54.480000000000004,22.7,54.480000000000004,54.480000000000004,45.4,22.7,43.13,40.86,172.262,64.832,131.934,136.656,15.0,8.0,5.0,5.0,5.0,0.0,0,2,0,0,0,3.0,2.0,3.0,true,2.0,4.0,4.0,2.0,0.0,8.0,5.0,10.0,20.0,20.0,3.0,2,3,1,1,0,6.0,6.0,6.0,true,6.0,6.0,1.0,6.0,6.0,17.0,10.0,10.0,20.0,20.0,2.0,0,5,0,0,0,6.0,6.0,6.0,true,6.0,6.0,6.0,6.0,0.0
0,661c24ab06db7f1ff0146700,21,Man,HighSchool,German,Turkish,English,n/a,n/a,BLP,20,20,12,20,20,20,8,2,8,7,6,6,6,6,true,6,6,4,6,4,50.848,30.418,15.89,0.0,33.79,11.99,10.9,0.0,54.480000000000004,43.13,49.94,0.0,45.4,49.94,40.86,0.0,184.518,135.478,117.58999999999999,0.0,20.0,20.0,4.0,3.0,20.0,0.0,0,8,0,2,1,6.0,6.0,4.0,true,3.0,6.0,6.0,6.0,4.0,14.0,10.0,9.0,0.0,0.0,2.0,2,0,2,1,3,6.0,6.0,5.0,true,5.0,5.0,4.0,6.0,3.0,,,,,,,,,,,,,,,,,,,,
0,661ff04db0e4a8222d5c4dd7,19,Man,HighSchool,Dutch,English,n/a,n/a,no,BLP,20,20,10,19,19,19,5,9,10,4,1,6,6,6,true,6,6,6,6,6,48.578,19.522000000000002,0.0,0.0,31.610000000000003,22.89,0.0,0.0,54.480000000000004,54.480000000000004,0.0,0.0,54.480000000000004,43.13,0.0,0.0,189.14800000000002,140.02200000000002,0.0,0.0,13.0,20.0,10.0,0.0,0.0,0.0,5,1,0,6,9,6.0,6.0,6.0,true,6.0,6.0,3.0,6.0,4.0,,,,,,,,,,,,,,,,,,,,,,,,,,,,,,,,,,,,,,,,
0,66271b4aaaf60fd058302f09,24,Man,College,English,Thai,n/a,n/a,n/a,BLP,7,5,13,8,0,6,9,1,10,5,4,6,6,6,true,6,6,4,6,4,17.706,41.314,0.0,0.0,31.610000000000003,22.89,0.0,0.0,54.480000000000004,47.67,0.0,0.0,45.4,54.480000000000004,0.0,0.0,149.196,166.354,0.0,0.0,20.0,20.0,15.0,16.0,20.0,0.0,1,9,0,5,6,6.0,6.0,6.0,true,3.0,6.0,6.0,6.0,6.0,,,,,,,,,,,,,,,,,,,,,,,,,,,,,,,,,,,,,,,,
0,6634e4d4f1950b4dcd44d4d9,20,Man,HighSchool,Hungarian,English,n/a,n/a,n/a,BLP,20,20,12,20,20,20,8,10,8,10,10,6,6,6,true,6,6,6,6,6,50.848,12.712,0.0,0.0,50.14,4.36,0.0,0.0,54.480000000000004,43.13,0.0,0.0,54.480000000000004,29.51,0.0,0.0,209.94800000000004,89.712,0.0,0.0,13.0,7.0,8.0,0.0,0.0,0.0,2,0,2,0,0,5.0,6.0,4.0,true,4.0,4.0,2.0,3.0,4.0,,,,,,,,,,,,,,,,,,,,,,,,,,,,,,,,,,,,,,,,
0,6634f754adfec54a4b1aaed4,25,Man,HighSchool,tshivenda,english,sesotho,n/a,no,BLP,19,16,15,20,20,2,2,6,2,6,6,6,6,6,true,6,6,6,6,3,41.768,32.688,14.074,0.0,23.98,17.44,17.44,0.0,54.480000000000004,52.21,31.78,0.0,47.67,6.8100000000000005,6.8100000000000005,0.0,167.89800000000002,109.148,70.104,0.0,15.0,11.0,15.0,20.0,8.0,3.0,2,2,6,3,3,5.0,6.0,6.0,true,6.0,3.0,0.0,0.0,0.0,1.0,0.0,0.0,20.0,10.0,0.0,6,2,2,1,1,3.0,6.0,2.0,true,3.0,1.0,0.0,2.0,0.0,,,,,,,,,,,,,,,,,,,,
0,66383ecf52e239b6f2ad54f4,21,Man,College,English,n/a,n/a,n/a,No,BLP,20,15,18,20,20,7,10,10,10,10,10,6,6,6,true,6,6,6,6,6,45.4,0.0,0.0,0.0,54.50000000000001,0.0,0.0,0.0,54.480000000000004,0.0,0.0,0.0,54.480000000000004,0.0,0.0,0.0,208.86,0.0,0.0,0.0,,,,,,,,,,,,,,,,,,,,,,,,,,,,,,,,,,,,,,,,,,,,,,,,,,,,,,,,,,,,
0,663a5bb8f7f79c7e04abc9b3,25,Woman,College,Gujrau,English,Urdu,N/A,No,BLP,20,20,12,3,20,0,0,7,0,3,0,4,6,6,true,6,4,6,6,6,34.050000000000004,38.136,10.442,0.0,10.9,43.6,7.630000000000001,0.0,49.94,54.480000000000004,24.97,0.0,49.94,54.480000000000004,31.78,0.0,144.82999999999998,190.69600000000003,74.822,0.0,17.0,17.0,20.0,20.0,5.0,5.0,10,3,10,7,10,6.0,6.0,6.0,true,6.0,6.0,6.0,6.0,6.0,20.0,0.0,0.0,3.0,0.0,0.0,0,0,0,0,0,1.0,4.0,3.0,true,3.0,0.0,4.0,4.0,6.0,,,,,,,,,,,,,,,,,,,,
0,663e08a82c273a8ea28be4e7,19,Woman,College,english,n/a,n/a,n/a,no,BLP,20,15,17,19,19,19,10,10,10,10,10,6,6,6,true,6,6,5,6,6,49.486000000000004,0.0,0.0,0.0,54.50000000000001,0.0,0.0,0.0,54.480000000000004,0.0,0.0,0.0,52.21,0.0,0.0,0.0,210.67600000000002,0.0,0.0,0.0,,,,,,,,,,,,,,,,,,,,,,,,,,,,,,,,,,,,,,,,,,,,,,,,,,,,,,,,,,,,
0,664b550820b57425a150d8e2,25,Man,College,English,Malayalam,n/a,n/a,Hindi,BLP,14,7,14,20,10,15,2,10,5,4,4,5,6,6,true,6,6,6,6,5,36.32,45.4,0.0,0.0,27.250000000000004,27.250000000000004,0.0,0.0,52.21,43.13,0.0,0.0,52.21,52.21,0.0,0.0,167.99,167.99,0.0,0.0,16.0,10.0,14.0,20.0,20.0,20.0,8,0,5,6,6,6.0,6.0,4.0,true,3.0,6.0,5.0,6.0,6.0,,,,,,,,,,,,,,,,,,,,,,,,,,,,,,,,,,,,,,,,
0,664b7cd6b5a772dd1eddca37,24,Man,College,english,swahili,n/a,n/a,no,BLP,12,8,20,20,20,20,6,6,7,7,7,6,6,6,true,6,6,6,6,6,45.4,54.026,0.0,0.0,35.970000000000006,18.53,0.0,0.0,54.480000000000004,54.480000000000004,0.0,0.0,54.480000000000004,54.480000000000004,0.0,0.0,190.33000000000004,181.51600000000002,0.0,0.0,20.0,19.0,20.0,20.0,20.0,20.0,4,4,3,3,3,6.0,6.0,6.0,true,6.0,6.0,6.0,6.0,6.0,,,,,,,,,,,,,,,,,,,,,,,,,,,,,,,,,,,,,,,,
0,664f48afa42c9a4a7ed2bb88,20,Man,HighSchool,Polish,English,Spanish,n/a,no,BLP,20,20,20,17,20,20,6,10,10,5,1,6,6,6,true,6,6,6,6,6,53.118,17.252,19.068,0.0,34.88,19.62,10.9,0.0,54.480000000000004,54.480000000000004,31.78,0.0,54.480000000000004,47.67,29.51,0.0,196.95800000000003,139.022,91.25800000000001,0.0,15.0,8.0,15.0,0.0,0.0,0.0,4,0,0,5,9,6.0,6.0,6.0,true,6.0,6.0,3.0,6.0,6.0,16.0,10.0,10.0,3.0,0.0,3.0,0,0,0,0,0,4.0,5.0,3.0,true,2.0,1.0,3.0,4.0,5.0,,,,,,,,,,,,,,,,,,,,
0,664f70fcf77160132d600e2c,25,Man,Masters,Portuguese,English,Spanish,Catalan,French,BLP,20,20,12,20,20,1,5,10,0,8,8,6,6,6,true,6,6,6,6,6,42.222,14.074,2.27,1.816,33.79,4.36,26.160000000000004,1.09,54.480000000000004,49.94,49.94,20.43,54.480000000000004,29.51,38.59,18.16,184.97200000000004,97.884,116.96000000000001,41.495999999999995,13.0,8.0,10.0,0.0,0.0,0.0,1,0,1,1,1,5.0,6.0,6.0,true,5.0,0.0,3.0,4.0,6.0,0.0,0.0,0.0,3.0,0.0,2.0,4,0,8,1,1,5.0,6.0,6.0,true,5.0,0.0,5.0,6.0,6.0,0.0,0.0,0.0,2.0,0.0,2.0,0,0,1,0,0,2.0,3.0,3.0,true,1.0,0.0,1.0,4.0,3.0
0,6658f0a58f1ee667f4264a93,23,Woman,Masters,English,Welsh,N/A,N/A,no,BLP,20,20,20,20,20,20,10,10,9,10,8,6,6,6,true,6,6,6,6,6,54.480000000000004,44.492000000000004,0.0,0.0,51.230000000000004,3.2700000000000005,0.0,0.0,54.480000000000004,34.05,0.0,0.0,54.480000000000004,31.78,0.0,0.0,214.67000000000002,113.59200000000001,0.0,0.0,15.0,5.0,18.0,20.0,20.0,20.0,0,0,1,0,2,4.0,4.0,4.0,true,3.0,2.0,4.0,4.0,4.0,,,,,,,,,,,,,,,,,,,,,,,,,,,,,,,,,,,,,,,,
0,6659ca4701d47b95a09ba736,22,Woman,MinusCollege,English,Northern Sotho,n/a,n/a,n/a,BLP,17,15,14,19,19,19,10,6,10,8,9,6,6,6,true,6,2,0,4,4,46.762,48.578,0.0,0.0,46.870000000000005,7.630000000000001,0.0,0.0,54.480000000000004,36.32,0.0,0.0,22.7,54.480000000000004,0.0,0.0,170.812,147.008,0.0,0.0,20.0,17.0,13.0,19.0,19.0,19.0,0,4,0,2,1,4.0,4.0,5.0,true,3.0,6.0,6.0,6.0,6.0,,,,,,,,,,,,,,,,,,,,,,,,,,,,,,,,,,,,,,,,
0,6659ebda18cf5c43dbcc7354,21,Man,HighSchool,polish,english,spanish,n/a,no,BLP,20,20,15,20,20,20,9,10,10,9,9,6,6,6,true,6,6,6,6,6,52.21,15.89,0.908,0.0,51.230000000000004,2.18,11.99,0.0,54.480000000000004,49.94,20.43,0.0,54.480000000000004,34.05,15.89,0.0,212.40000000000003,102.05999999999999,49.218,0.0,16.0,7.0,12.0,0.0,0.0,0.0,1,0,0,1,0,5.0,6.0,6.0,true,5.0,4.0,2.0,6.0,3.0,2.0,0.0,0.0,0.0,0.0,0.0,0,0,0,0,1,2.0,1.0,3.0,true,3.0,1.0,1.0,3.0,2.0,,,,,,,,,,,,,,,,,,,,
0,665d94712b964d877bf9f132,21,Man,MinusCollege,Polish,English,German,Dutch,"Can read and understand Spanish, but not so well in terms of speaking",BLP,20,20,15,18,20,1,7,10,3,8,9,6,6,6,true,6,6,6,6,6,42.676,24.970000000000002,21.792,17.252,40.330000000000005,11.99,13.080000000000002,0.0,54.480000000000004,54.480000000000004,38.59,31.78,54.480000000000004,40.86,34.05,24.97,191.966,132.3,107.512,74.002,13.0,4.0,15.0,20.0,0.0,3.0,3,0,5,2,1,6.0,6.0,6.0,true,6.0,6.0,3.0,6.0,3.0,17.0,6.0,11.0,1.0,12.0,1.0,0,0,2,0,0,4.0,5.0,5.0,true,3.0,4.0,3.0,5.0,3.0,17.0,6.0,0.0,3.0,12.0,0.0,0,0,0,0,0,3.0,4.0,4.0,true,3.0,3.0,3.0,2.0,3.0
0,665f79d15be62c63a74883d6,21,Woman,PlusCollege,POLISH,ENGLISH ,GERMAN,N/A,NO,BLP,20,20,20,20,20,20,8,8,8,8,5,6,6,6,true,6,6,6,5,4,54.480000000000004,20.884,11.35,0.0,40.330000000000005,9.81,11.99,0.0,54.480000000000004,54.480000000000004,20.43,0.0,47.67,47.67,18.16,0.0,196.96000000000004,132.844,61.92999999999999,0.0,14.0,5.0,20.0,4.0,1.0,2.0,1,1,1,1,5,6.0,6.0,6.0,true,6.0,6.0,6.0,5.0,4.0,7.0,1.0,13.0,1.0,1.0,2.0,1,1,1,1,0,2.0,3.0,2.0,true,2.0,2.0,3.0,1.0,2.0,,,,,,,,,,,,,,,,,,,,
0,6661bf2ef4b2d0892ad7a007,22,Woman,College,English,Afrikaans,n/a,n/a,No,BLP,18,20,15,20,20,6,5,5,9,4,10,6,6,6,true,6,6,5,6,6,44.946,43.584,0.0,0.0,35.970000000000006,18.53,0.0,0.0,54.480000000000004,54.480000000000004,0.0,0.0,52.21,54.480000000000004,0.0,0.0,187.60600000000002,171.074,0.0,0.0,20.0,20.0,12.0,20.0,20.0,4.0,5,5,1,6,0,6.0,6.0,6.0,true,6.0,6.0,6.0,6.0,6.0,,,,,,,,,,,,,,,,,,,,,,,,,,,,,,,,,,,,,,,,
0,6662d40766c8aa595834461d,22,Man,HighSchool,croatian,serbian,bosnian,english,no,BLP,20,20,15,20,20,20,10,10,10,5,10,6,6,6,true,6,6,6,6,6,52.21,52.21,52.21,46.308,49.050000000000004,0.0,10.9,5.45,54.480000000000004,54.480000000000004,54.480000000000004,52.21,54.480000000000004,54.480000000000004,54.480000000000004,54.480000000000004,210.22000000000003,161.17000000000002,172.07,158.448,20.0,20.0,15.0,20.0,20.0,20.0,0,0,0,0,0,6.0,6.0,6.0,true,6.0,6.0,6.0,6.0,6.0,20.0,20.0,15.0,20.0,20.0,20.0,0,0,0,0,0,6.0,6.0,6.0,true,6.0,6.0,6.0,6.0,6.0,16.0,16.0,10.0,20.0,20.0,20.0,0,0,0,5,0,6.0,6.0,6.0,true,5.0,6.0,6.0,6.0,6.0
0,666306b0bf2de127943c419f,22,Man,HighSchool,Polish,English,n/a,n/a,n/a,BLP,20,20,14,20,20,20,9,10,9,8,10,6,6,6,true,5,6,6,6,6,51.756,15.436,0.0,0.0,50.14,4.36,0.0,0.0,52.21,40.86,0.0,0.0,54.480000000000004,6.8100000000000005,0.0,0.0,208.586,67.466,0.0,0.0,14.0,5.0,15.0,0.0,0.0,0.0,1,0,1,2,0,2.0,6.0,6.0,true,4.0,3.0,0.0,0.0,0.0,,,,,,,,,,,,,,,,,,,,,,,,,,,,,,,,,,,,,,,,
0,6666a56ce75a18f29904e527,19,Woman,HighSchool,Polish,English ,n/a,n/a,no,BLP,20,20,20,19,19,1,7,9,9,8,10,6,6,6,true,6,6,6,6,6,44.946,15.89,0.0,0.0,46.870000000000005,7.630000000000001,0.0,0.0,54.480000000000004,45.4,0.0,0.0,54.480000000000004,36.32,0.0,0.0,200.776,105.24000000000001,0.0,0.0,14.0,5.0,13.0,2.0,1.0,0.0,3,1,1,2,0,4.0,6.0,5.0,true,5.0,5.0,0.0,5.0,6.0,,,,,,,,,,,,,,,,,,,,,,,,,,,,,,,,,,,,,,,,
0,6666cf176a54945ba62e8ca9,19,Man,HighSchool,Polish,English,n/a,n/a,no,BLP,20,20,14,18,19,1,8,10,8,5,2,6,6,6,true,5,6,6,6,6,41.768,11.35,0.0,0.0,35.970000000000006,18.53,0.0,0.0,52.21,47.67,0.0,0.0,54.480000000000004,47.67,0.0,0.0,184.428,125.22000000000001,0.0,0.0,11.0,5.0,7.0,1.0,0.0,1.0,2,0,2,5,8,4.0,6.0,6.0,true,5.0,3.0,6.0,6.0,6.0,,,,,,,,,,,,,,,,,,,,,,,,,,,,,,,,,,,,,,,,
0,6667488c5f46f3da0c085419,24,Woman,HighSchool,urdu,english,n/a,n/a,n/a,BLP,20,20,20,10,20,20,8,8,0,6,5,6,6,6,true,6,6,6,6,0,49.940000000000005,49.940000000000005,0.0,0.0,29.430000000000003,25.07,0.0,0.0,54.480000000000004,54.480000000000004,0.0,0.0,40.86,40.86,0.0,0.0,174.71000000000004,170.35000000000002,0.0,0.0,16.0,20.0,20.0,14.0,20.0,20.0,2,2,10,4,5,6.0,6.0,6.0,true,6.0,6.0,6.0,6.0,0.0,,,,,,,,,,,,,,,,,,,,,,,,,,,,,,,,,,,,,,,,
0,666f0fb7d9900bb03f5d99a1,23,Woman,Masters,English,n/a,n/a,n/a,no,BLP,20,16,12,20,20,20,10,10,10,10,10,6,6,6,true,6,6,6,5,2,49.032000000000004,0.0,0.0,0.0,54.50000000000001,0.0,0.0,0.0,54.480000000000004,0.0,0.0,0.0,43.13,0.0,0.0,0.0,201.142,0.0,0.0,0.0,,,,,,,,,,,,,,,,,,,,,,,,,,,,,,,,,,,,,,,,,,,,,,,,,,,,,,,,,,,,
0,666fd8b3dc9f2e1de77b5db4,20,Woman,HighSchool,Portuguese,English,Dutch,n/a,No,BLP,20,20,13,18,20,0,6,9,0,5,5,6,6,6,true,6,6,6,6,6,41.314,18.16,19.068,0.0,27.250000000000004,22.89,13.080000000000002,0.0,54.480000000000004,54.480000000000004,22.7,0.0,54.480000000000004,38.59,38.59,0.0,177.524,134.12,93.438,0.0,10.0,3.0,7.0,0.0,20.0,0.0,4,0,8,5,4,6.0,6.0,6.0,true,6.0,5.0,0.0,6.0,6.0,20.0,0.0,0.0,2.0,20.0,0.0,0,1,2,0,1,2.0,3.0,3.0,true,2.0,3.0,2.0,6.0,6.0,,,,,,,,,,,,,,,,,,,,
0,6672ee650699d871b742ca6b,24,Man,HighSchool,Hungarian,English,n/a,n/a,n/a,BLP,20,20,12,20,20,12,9,10,7,10,10,6,6,6,true,6,6,6,6,6,47.216,10.896,0.0,0.0,50.14,4.36,0.0,0.0,54.480000000000004,45.4,0.0,0.0,54.480000000000004,29.51,0.0,0.0,206.31600000000003,90.166,0.0,0.0,11.0,6.0,7.0,0.0,0.0,0.0,1,0,3,0,0,5.0,6.0,5.0,true,4.0,4.0,3.0,3.0,3.0,,,,,,,,,,,,,,,,,,,,,,,,,,,,,,,,,,,,,,,,
0,667437b20a6f1d1ebf68714b,25,Man,HighSchool,latvian,english,n/a,n/a,no only latvian and english,BLP,20,20,12,20,20,20,5,10,7,3,5,6,6,6,true,5,6,6,6,6,50.848,26.786,0.0,0.0,32.7,21.8,0.0,0.0,52.21,47.67,0.0,0.0,54.480000000000004,36.32,0.0,0.0,190.238,132.576,0.0,0.0,16.0,13.0,8.0,20.0,0.0,2.0,5,0,3,7,5,6.0,6.0,5.0,true,4.0,6.0,3.0,3.0,4.0,,,,,,,,,,,,,,,,,,,,,,,,,,,,,,,,,,,,,,,,
0,667972671949d2e1c0c9ff54,21,Man,College,cantonese,english,madarin,japanese,n/a,BLP,20,20,20,12,20,0,0,10,0,3,3,6,6,6,true,6,3,6,6,6,41.768,19.522000000000002,13.620000000000001,3.632,17.44,30.520000000000003,10.9,6.540000000000001,54.480000000000004,54.480000000000004,47.67,20.43,47.67,20.43,31.78,18.16,161.358,124.952,103.97,48.762,12.0,6.0,16.0,8.0,0.0,1.0,8,0,10,5,5,6.0,6.0,6.0,true,6.0,4.0,0.0,0.0,5.0,10.0,6.0,10.0,4.0,0.0,0.0,0,0,0,0,0,3.0,6.0,6.0,true,6.0,1.0,5.0,4.0,4.0,4.0,2.0,0.0,2.0,0.0,0.0,2,0,0,2,2,2.0,4.0,3.0,true,0.0,4.0,2.0,0.0,2.0
0,667d631ef036f8ef4ff2f4f3,23,Man,Masters,English,n/a,n/a,n/a,No,BLP,20,20,20,20,20,20,10,10,10,10,10,6,6,6,true,6,6,6,6,6,54.480000000000004,0.0,0.0,0.0,54.50000000000001,0.0,0.0,0.0,54.480000000000004,0.0,0.0,0.0,54.480000000000004,0.0,0.0,0.0,217.94000000000005,0.0,0.0,0.0,,,,,,,,,,,,,,,,,,,,,,,,,,,,,,,,,,,,,,,,,,,,,,,,,,,,,,,,,,,,
0,667dd7126e7a9073e0af73fd,25,Man,College,Polish,English,german,n/a,n/a,BLP,20,20,20,20,20,20,9,10,7,9,10,6,6,6,true,6,6,6,6,6,54.480000000000004,10.896,7.718,0.0,49.050000000000004,4.36,11.99,0.0,54.480000000000004,40.86,22.7,0.0,54.480000000000004,22.7,9.08,0.0,212.49,78.816,51.488,0.0,13.0,6.0,4.0,0.0,0.0,1.0,1,0,2,1,0,5.0,5.0,3.0,true,5.0,5.0,2.0,2.0,1.0,10.0,4.0,2.0,0.0,0.0,1.0,0,0,1,0,0,3.0,2.0,2.0,true,3.0,4.0,0.0,0.0,0.0,,,,,,,,,,,,,,,,,,,,
0,6681625ff9dfa8a95bb0359d,22,Woman,MinusCollege,polish,english,n/a,n/a,no,BLP,20,20,20,20,20,7,10,10,7,5,8,6,6,6,true,6,6,6,6,6,48.578,12.258000000000001,0.0,0.0,43.6,10.9,0.0,0.0,54.480000000000004,54.480000000000004,0.0,0.0,54.480000000000004,47.67,0.0,0.0,201.13800000000003,125.308,0.0,0.0,14.0,7.0,6.0,0.0,0.0,0.0,0,0,3,5,2,6.0,6.0,6.0,true,6.0,6.0,3.0,6.0,6.0,,,,,,,,,,,,,,,,,,,,,,,,,,,,,,,,,,,,,,,,
0,6682b6d8a001b7f57c513ecc,21,Man,College,Afrikaans,English,n/a,n/a,No,BLP,20,20,15,20,20,1,9,9,4,7,7,6,6,6,true,6,6,6,4,6,43.584,35.866,0.0,0.0,39.24,15.260000000000002,0.0,0.0,54.480000000000004,49.94,0.0,0.0,49.94,43.13,0.0,0.0,187.24400000000003,144.196,0.0,0.0,16.0,12.0,10.0,20.0,20.0,1.0,1,1,6,3,3,4.0,6.0,6.0,true,6.0,3.0,4.0,6.0,6.0,,,,,,,,,,,,,,,,,,,,,,,,,,,,,,,,,,,,,,,,
0,66844cc1407c6afd0e100482,18,Man,MinusCollege,Croatian,English,n/a,n/a,n/a,BLP,20,20,15,18,18,3,9,9,9,10,10,6,6,6,true,6,6,6,6,6,42.676,26.786,0.0,0.0,51.230000000000004,3.2700000000000005,0.0,0.0,54.480000000000004,45.4,0.0,0.0,54.480000000000004,22.7,0.0,0.0,202.86600000000004,98.156,0.0,0.0,17.0,9.0,15.0,0.0,18.0,0.0,1,1,1,0,0,4.0,6.0,6.0,true,4.0,6.0,2.0,2.0,0.0,,,,,,,,,,,,,,,,,,,,,,,,,,,,,,,,,,,,,,,,
0,668553fe2efd22c91cf88fb9,25,Woman,College,Lithuanian,English,n/a,n/a,no,BLP,20,20,10,19,20,1,0,0,0,3,9,6,6,6,true,6,3,5,6,6,40.86,16.344,0.0,0.0,13.080000000000002,41.42,0.0,0.0,54.480000000000004,54.480000000000004,0.0,0.0,45.4,47.67,0.0,0.0,153.82,159.914,0.0,0.0,11.0,10.0,5.0,5.0,0.0,5.0,10,10,10,7,1,6.0,6.0,6.0,true,6.0,6.0,3.0,6.0,6.0,,,,,,,,,,,,,,,,,,,,,,,,,,,,,,,,,,,,,,,,
0,6685e1541643171c04ec0e35,18,Woman,HighSchool,Croatian,English,n/a,n/a,a bit of German,BLP,20,20,12,18,18,18,6,8,8,5,9,6,6,6,true,5,6,6,6,6,48.124,17.252,0.0,0.0,39.24,15.260000000000002,0.0,0.0,52.21,52.21,0.0,0.0,54.480000000000004,43.13,0.0,0.0,194.05400000000003,127.852,0.0,0.0,16.0,10.0,12.0,0.0,0.0,0.0,4,2,2,5,1,6.0,6.0,6.0,true,5.0,6.0,1.0,6.0,6.0,,,,,,,,,,,,,,,,,,,,,,,,,,,,,,,,,,,,,,,,
0,668992b2f868cb89829346c2,21,Woman,HighSchool,Polish,English,Russian,n/a,I tried to learn German but it is to hard for me,BLP,20,20,20,20,20,20,10,10,8,9,9,6,6,6,true,6,6,6,6,6,54.480000000000004,17.252,5.448,0.0,50.14,4.36,10.9,0.0,54.480000000000004,52.21,27.240000000000002,0.0,54.480000000000004,22.7,6.8100000000000005,0.0,213.58000000000004,96.522,50.398,0.0,16.0,10.0,11.0,1.0,0.0,0.0,0,0,2,1,1,5.0,6.0,6.0,true,6.0,3.0,1.0,6.0,0.0,5.0,2.0,5.0,0.0,0.0,0.0,0,0,0,0,0,2.0,4.0,4.0,true,2.0,0.0,0.0,3.0,0.0,,,,,,,,,,,,,,,,,,,,
0,6692b87aad65e83d4230c307,19,Man,College,Spanish,English,French,n/a,No,BLP,20,20,19,18,19,1,9,7,7,8,9,6,6,6,true,6,6,6,6,6,44.038000000000004,34.050000000000004,7.264,0.0,43.6,9.81,8.72,0.0,54.480000000000004,52.21,27.240000000000002,0.0,54.480000000000004,54.480000000000004,31.78,0.0,196.598,150.55,75.004,0.0,16.0,20.0,19.0,1.0,19.0,0.0,1,3,2,2,1,5.0,6.0,6.0,true,6.0,6.0,6.0,6.0,6.0,8.0,4.0,4.0,0.0,0.0,0.0,0,0,1,0,0,3.0,2.0,3.0,true,4.0,3.0,3.0,6.0,2.0,,,,,,,,,,,,,,,,,,,,
0,6693f13e028361f102a9ed86,19,Woman,PlusCollege,English,n/a,n/a,n/a,yes,BLP,15,10,13,19,19,3,10,10,10,10,10,6,6,6,true,6,5,6,6,6,35.866,0.0,0.0,0.0,54.50000000000001,0.0,0.0,0.0,54.480000000000004,0.0,0.0,0.0,52.21,0.0,0.0,0.0,197.056,0.0,0.0,0.0,,,,,,,,,,,,,,,,,,,,,,,,,,,,,,,,,,,,,,,,,,,,,,,,,,,,,,,,,,,,
0,66951e094b5bd0caf94e844f,21,Woman,MinusCollege,English,Afrikaans,German,Spanish,Yes,BLP,20,20,20,20,20,20,3,5,6,7,8,5,5,5,true,5,6,6,5,5,54.480000000000004,47.67,14.528,14.528,31.610000000000003,11.99,9.81,5.45,45.4,38.59,9.08,9.08,49.94,36.32,11.35,11.35,181.43,134.57,44.768,40.408,15.0,14.0,16.0,20.0,20.0,20.0,3,3,2,1,2,4.0,5.0,5.0,true,3.0,5.0,5.0,3.0,3.0,11.0,9.0,12.0,0.0,0.0,0.0,2,1,1,1,0,1.0,1.0,1.0,true,1.0,2.0,1.0,1.0,1.0,11.0,9.0,12.0,0.0,0.0,0.0,2,1,1,1,0,1.0,1.0,1.0,true,1.0,2.0,1.0,1.0,1.0
0,669cc52163cce3554e97d184,24,Woman,College,english,n/a,n/a,n/a,no,BLP,20,20,14,20,20,7,10,10,10,10,10,6,6,6,true,6,6,6,6,6,45.854,0.0,0.0,0.0,54.50000000000001,0.0,0.0,0.0,54.480000000000004,0.0,0.0,0.0,54.480000000000004,0.0,0.0,0.0,209.31400000000002,0.0,0.0,0.0,,,,,,,,,,,,,,,,,,,,,,,,,,,,,,,,,,,,,,,,,,,,,,,,,,,,,,,,,,,,
