,sbj_ID,Age,Gender,Education,L1,L2,L3,L4,otherLs,task,AoAL1,AoAL2,AoAL3,AoAL4,AoEaseL1,AoEaseL2,AoEaseL3,AoEaseL4,yearsEduL1,yearsEduL2,yearsEduL3,yearsEduL4,yearsCountryL1,yearsCountryL2,yearsCountryL3,yearsCountryL4,yearsFamilyL1,yearsFamilyL2,yearsFamilyL3,yearsFamilyL4,yearsWorkL1,yearsWorkL2,yearsWorkL3,yearsWorkL4,PercFriendsL1,PercFriendsL2,PercFriendsL3,PercFriendsL4,PercFamilyL1,PercFamilyL2,PercFamilyL3,PercFamilyL4,PercWorkL1,PercWorkL2,PercWorkL3,PercWorkL4,PercSelfL1,PercSelfL2,PercSelfL3,PercSelfL4,PercCountL1,PercCountL2,PercCountL3,PercCountL4,ProfSpeakL1,ProfSpeakL2,ProfSpeakL3,ProfSpeakL4,ProfUnderstandL1,ProfUnderstandL2,ProfUnderstandL3,ProfUnderstandL4,ProfReadL1,ProfReadL2,ProfReadL3,ProfReadL4,AttentionL1,AttentionL2,AttentionL3,AttentionL4,ProfWriteL1,ProfWriteL2,ProfWriteL3,ProfWriteL4,AttSelfL1,AttSelfL2,AttSelfL3,AttSelfL4,AttCultureL1,AttCultureL2,AttCultureL3,AttCultureL4,AttNativeLevelL1,AttNativeLevelL2,AttNativeLevelL3,AttNativeLevelL4,AttMothertongueL1,AttMothertongueL2,AttMothertongueL3,AttMothertongueL4,HistoryL1Score,HistoryL2Score,HistoryL3Score,HistoryL4Score,UseL1Score,UseL2Score,UseL3Score,UseL4Score,ProficiencyL1Score,ProficiencyL2Score,ProficiencyL3Score,ProficiencyL4Score,AttitudeL1Score,AttitudeL2Score,AttitudeL3Score,AttitudeL4Score,L1Score,L2Score,L3Score,L4Score
0,5ba4da6f03692b00019adae6,24,Man,College,Enlish,n/a,n/a,n/a,n/a,BLP,20,,,,16,,,,9,,,,20,,,,20,,,,10,,,,10,,,,10,,,,10,,,,10,,,,10,,,,6,,,,6,,,,6,,,,true,,,,6,,,,6,,,,6,,,,6,,,,6,,,,43.13,0.0,0.0,0.0,54.50000000000001,0.0,0.0,0.0,54.480000000000004,0.0,0.0,0.0,54.480000000000004,0.0,0.0,0.0,206.59000000000003,0.0,0.0,0.0
0,5ea2e2054687bd0517c23492,25,Man,MinusCollege,Portuguese,English,Spanish,n/a,No,BLP,20,12.0,12.0,,20,6.0,6.0,,12,5.0,3.0,,20,0.0,0.0,,20,0.0,0.0,,3,0.0,0.0,,9,1,0,,10,0,0,,7,3,0,,8,2,0,,8,2,0,,6,5.0,3.0,,6,6.0,5.0,,6,6.0,5.0,,true,true,true,,6,5.0,3.0,,6,4.0,3.0,,6,3.0,4.0,,6,6.0,6.0,,6,6.0,6.0,,43.13,10.442,9.534,0.0,45.78,8.72,10.9,0.0,54.480000000000004,49.94,36.32,0.0,54.480000000000004,43.13,43.13,0.0,197.87,112.232,99.88400000000001,0.0
0,60c0fa09ef735c52ada64d23,24,Woman,College,english,n/a,n/a,n/a,no,BLP,20,,,,20,,,,16,,,,20,,,,20,,,,1,,,,10,,,,10,,,,10,,,,10,,,,10,,,,6,,,,6,,,,6,,,,true,,,,6,,,,6,,,,5,,,,6,,,,6,,,,44.038000000000004,0.0,0.0,0.0,54.50000000000001,0.0,0.0,0.0,54.480000000000004,0.0,0.0,0.0,52.21,0.0,0.0,0.0,205.22800000000004,0.0,0.0,0.0
0,60fa6f5d0c4ef9c26538f610,23,Woman,MinusCollege,Italian,English,n/a,n/a,No,BLP,20,14.0,,,20,10.0,,,13,8.0,,,20,0.0,,,20,0.0,,,20,0.0,,,10,0,,,10,0,,,9,1,,,10,0,,,10,0,,,6,4.0,,,6,4.0,,,6,4.0,,,true,true,,,6,3.0,,,6,4.0,,,5,3.0,,,6,3.0,,,3,2.0,,,51.302,14.528,0.0,0.0,53.410000000000004,1.09,0.0,0.0,54.480000000000004,34.05,0.0,0.0,45.4,27.240000000000002,0.0,0.0,204.592,76.908,0.0,0.0
0,60fa7628023c88195f68529c,24,Woman,PlusCollege,English,N/A,N/A,N/A,N/A,BLP,20,,,,20,,,,20,,,,20,,,,20,,,,3,,,,10,,,,10,,,,10,,,,10,,,,10,,,,6,,,,6,,,,6,,,,true,,,,6,,,,6,,,,6,,,,6,,,,6,,,,46.762,0.0,0.0,0.0,54.50000000000001,0.0,0.0,0.0,54.480000000000004,0.0,0.0,0.0,54.480000000000004,0.0,0.0,0.0,210.22200000000004,0.0,0.0,0.0
0,6124f23ea1f4ef44fe280dd4,25,Woman,HighSchool,Italian,English,n/a,n/a,no,BLP,20,14.0,,,20,7.0,,,14,14.0,,,20,0.0,,,20,0.0,,,20,0.0,,,9,1,,,9,1,,,8,2,,,10,0,,,10,0,,,6,5.0,,,6,6.0,,,6,4.0,,,true,true,,,6,4.0,,,6,6.0,,,6,0.0,,,6,0.0,,,6,0.0,,,51.756,15.89,0.0,0.0,50.14,4.36,0.0,0.0,54.480000000000004,43.13,0.0,0.0,54.480000000000004,13.620000000000001,0.0,0.0,210.856,77.0,0.0,0.0
0,612e6bf6f0eba168c2a1dc35,23,Man,College,Portuguese,English,Spanish,n/a,No,BLP,20,12.0,2.0,,20,8.0,0.0,,12,8.0,0.0,,20,0.0,0.0,,20,20.0,0.0,,4,4.0,4.0,,8,2,0,,9,1,0,,6,3,1,,9,1,0,,9,1,0,,6,6.0,2.0,,6,6.0,4.0,,6,6.0,2.0,,true,true,true,,6,6.0,0.0,,6,6.0,1.0,,6,6.0,2.0,,6,6.0,3.0,,6,6.0,3.0,,43.584,23.608,2.724,0.0,44.690000000000005,8.72,10.9,0.0,54.480000000000004,54.480000000000004,18.16,0.0,54.480000000000004,54.480000000000004,20.43,0.0,197.23400000000004,141.288,52.214,0.0
0,61353c933f32fef782432cc7,23,Man,MinusCollege,Italian,English,French,n/a,n/a,BLP,20,14.0,9.0,,20,7.0,0.0,,13,14.0,9.0,,20,0.0,0.0,,20,0.0,0.0,,20,0.0,0.0,,9,1,0,,10,0,0,,10,0,0,,10,0,0,,10,0,0,,6,5.0,2.0,,6,6.0,3.0,,6,6.0,4.0,,true,true,true,,5,4.0,0.0,,6,0.0,0.0,,6,0.0,0.0,,4,0.0,0.0,,3,0.0,0.0,,51.302,15.89,8.172,0.0,53.410000000000004,1.09,10.9,0.0,52.21,47.67,20.43,0.0,43.13,0.0,0.0,0.0,200.052,64.65,39.502,0.0
0,659c0682d109f8537a89fdd3,24,Man,College,english,cantonese,n/a,n/a,n/a,BLP,17,20.0,,,13,16.0,,,16,2.0,,,20,0.0,,,20,20.0,,,20,0.0,,,10,0,,,5,5,,,10,0,,,10,0,,,10,0,,,6,3.0,,,6,3.0,,,6,0.0,,,true,true,,,6,0.0,,,6,3.0,,,4,4.0,,,5,4.0,,,6,4.0,,,48.124,26.332,0.0,0.0,49.050000000000004,5.45,0.0,0.0,54.480000000000004,13.620000000000001,0.0,0.0,47.67,34.05,0.0,0.0,199.324,79.452,0.0,0.0
0,65b3c533a99b6a6b97a6f54a,22,Man,HighSchool,greek,english,n/a,n/a,no ,BLP,20,11.0,,,13,6.0,,,12,7.0,,,20,0.0,,,20,0.0,,,20,2.0,,,9,1,,,10,0,,,3,7,,,8,2,,,10,0,,,6,5.0,,,6,6.0,,,6,5.0,,,true,true,,,5,4.0,,,6,3.0,,,5,4.0,,,6,5.0,,,6,5.0,,,47.67,11.804,0.0,0.0,43.6,10.9,0.0,0.0,52.21,45.4,0.0,0.0,52.21,38.59,0.0,0.0,195.69000000000003,106.694,0.0,0.0
0,65fad6c874ac75642ffc254b,18-25,Other,PlusCollege,English,Hindi,Urdu,Telugu,n/a,BLP,19,19.0,20.0,19.0,16,20.0,20.0,18.0,20,12.0,5.0,12.0,20,20.0,20.0,20.0,9,18.0,20.0,3.0,20,20.0,20.0,15.0,6,1,2,1,1,3,6,0,8,0,2,0,8,1,1,0,9,0,1,0,6,6.0,6.0,1.0,6,4.0,6.0,5.0,6,4.0,3.0,4.0,true,true,true,true,6,6.0,2.0,5.0,6,3.0,6.0,0.0,4,5.0,6.0,3.0,3,0.0,0.0,4.0,0,0.0,4.0,0.0,47.216,49.486000000000004,47.67,39.498000000000005,34.88,5.45,7.630000000000001,1.09,54.480000000000004,45.4,38.59,34.05,29.51,18.16,36.32,15.89,166.086,118.49600000000001,130.21,90.528
0,65feaaac53eb219f09ad5ea0,25,Man,PlusCollege,English,French,German,n/a,no,BLP,20,12.0,4.0,,20,8.0,0.0,,20,8.0,2.0,,20,5.0,2.0,,20,2.0,0.0,,20,5.0,0.0,,7,2,1,,9,1,0,,6,3,1,,6,2,2,,8,2,0,,6,4.0,2.0,,6,4.0,3.0,,6,5.0,3.0,,true,true,true,,6,5.0,4.0,,6,6.0,5.0,,6,5.0,3.0,,6,5.0,5.0,,6,6.0,6.0,,54.480000000000004,18.16,3.632,0.0,39.24,10.9,14.170000000000002,0.0,54.480000000000004,40.86,27.240000000000002,0.0,54.480000000000004,49.94,43.13,0.0,202.68,119.86,88.172,0.0
0,66019ce5f01f7f69af8016d1,25,Woman,Masters,Portuguese,English,Italian,Spanish,No,BLP,20,10.0,0.0,0.0,20,4.0,0.0,0.0,17,10.0,0.0,0.0,20,0.0,0.0,0.0,20,0.0,5.0,0.0,5,5.0,0.0,4.0,10,0,0,0,10,0,0,0,10,0,0,0,10,0,0,0,10,0,0,0,6,4.0,2.0,1.0,6,5.0,3.0,2.0,6,6.0,2.0,2.0,true,true,true,true,6,5.0,1.0,0.0,6,4.0,2.0,1.0,6,3.0,4.0,3.0,6,6.0,6.0,3.0,6,6.0,6.0,4.0,46.308,13.166,2.27,1.816,54.50000000000001,0.0,10.9,0.0,54.480000000000004,45.4,18.16,11.35,54.480000000000004,43.13,40.86,24.97,209.76800000000003,101.696,72.19,38.135999999999996
0,66446d88662725412dc27d06,23,Man,College,Urdu,Punjabi,English,Arabic,N/A,BLP,20,20.0,20.0,17.0,14,13.0,16.0,6.0,12,0.0,12.0,8.0,1,1.0,8.0,16.0,20,20.0,20.0,20.0,20,20.0,20.0,16.0,1,2,7,0,1,9,0,0,0,0,10,0,1,7,2,0,0,1,9,0,6,6.0,6.0,1.0,6,6.0,6.0,2.0,6,6.0,6.0,4.0,true,true,true,true,3,0.0,6.0,1.0,6,6.0,6.0,0.0,6,6.0,0.0,4.0,6,6.0,6.0,0.0,6,6.0,6.0,0.0,39.498000000000005,33.596000000000004,43.584,37.682,3.2700000000000005,20.71,31.610000000000003,0.0,47.67,40.86,54.480000000000004,18.16,54.480000000000004,54.480000000000004,40.86,9.08,144.918,149.64600000000002,170.534,64.922
0,66676e9de30c99b6eaa0b5a3,23,Man,MinusCollege,Spanish,English,German,n/a,no,BLP,20,17.0,15.0,,20,10.0,7.0,,17,15.0,12.0,,20,0.0,0.0,,20,0.0,0.0,,20,3.0,3.0,,10,0,0,,10,0,0,,8,2,0,,10,0,0,,10,0,0,,6,5.0,3.0,,6,6.0,3.0,,6,6.0,3.0,,true,true,true,,6,6.0,3.0,,6,4.0,1.0,,6,2.0,2.0,,6,6.0,2.0,,6,4.0,3.0,,53.118,20.43,16.798000000000002,0.0,52.32000000000001,2.18,10.9,0.0,54.480000000000004,52.21,27.240000000000002,0.0,54.480000000000004,36.32,18.16,0.0,214.39800000000002,111.13999999999999,73.098,0.0
0,666b081591c316f46bbb3361,21,Man,HighSchool,English,Russian,German,n/a,n/a,BLP,12,3.0,4.0,,6,0.0,0.0,,6,3.0,3.0,,3,1.0,1.0,,2,1.0,3.0,,4,1.0,1.0,,8,1,1,,7,2,1,,9,1,0,,7,1,2,,8,1,1,,6,1.0,1.0,,6,4.0,3.0,,6,2.0,3.0,,true,true,true,,6,1.0,1.0,,6,2.0,3.0,,5,1.0,3.0,,6,2.0,1.0,,5,1.0,1.0,,14.982000000000001,4.086,5.448,0.0,42.510000000000005,6.540000000000001,11.99,0.0,54.480000000000004,18.16,18.16,0.0,49.94,13.620000000000001,18.16,0.0,161.912,42.406000000000006,53.757999999999996,0.0
0,669d0b18e3a1ae0b5f7571ef,23,Man,MinusCollege,English,Portuguese,n/a,n/a,n/a,BLP,20,20.0,,,20,20.0,,,4,16.0,,,4,19.0,,,20,20.0,,,4,4.0,,,5,5,,,6,4,,,5,5,,,9,1,,,9,1,,,6,6.0,,,6,6.0,,,6,5.0,,,true,true,,,6,6.0,,,6,4.0,,,5,4.0,,,6,6.0,,,6,6.0,,,32.688,44.946,0.0,0.0,37.06,17.44,0.0,0.0,54.480000000000004,52.21,0.0,0.0,52.21,45.4,0.0,0.0,176.43800000000002,159.996,0.0,0.0
0,66b2acaa5fe9506f6cd278a8,23,Man,MinusCollege,Portuguese,English,Spanish,french,no,BLP,20,13.0,9.0,7.0,20,20.0,0.0,0.0,14,9.0,0.0,3.0,20,0.0,0.0,0.0,20,1.0,0.0,0.0,20,1.0,1.0,0.0,9,1,0,0,8,2,0,0,8,1,1,0,7,3,0,0,8,1,1,0,6,6.0,2.0,0.0,6,6.0,6.0,0.0,6,6.0,6.0,0.0,true,true,true,true,6,6.0,4.0,0.0,6,6.0,2.0,0.0,6,5.0,1.0,0.0,6,3.0,1.0,0.0,6,4.0,0.0,0.0,51.756,19.976,4.54,4.54,43.6,8.72,10.9,0.0,54.480000000000004,54.480000000000004,40.86,0.0,54.480000000000004,40.86,9.08,0.0,204.31600000000003,124.036,65.38,4.54
0,66c7469a4526d21d11ed0e15,22,Man,HighSchool,english,n/a,n/a,n/a,n/a,BLP,20,,,,20,,,,12,,,,20,,,,20,,,,3,,,,10,,,,10,,,,10,,,,10,,,,10,,,,6,,,,6,,,,6,,,,true,,,,6,,,,6,,,,6,,,,6,,,,6,,,,43.13,0.0,0.0,0.0,54.50000000000001,0.0,0.0,0.0,54.480000000000004,0.0,0.0,0.0,54.480000000000004,0.0,0.0,0.0,206.59000000000003,0.0,0.0,0.0
0,66ca0a6b19da058b82d8637d,24,Man,MinusCollege,Spanish,English,n/a,n/a,No,BLP,20,16.0,,,15,8.0,,,6,4.0,,,20,0.0,,,20,0.0,,,20,0.0,,,8,2,,,10,0,,,10,0,,,0,10,,,8,2,,,6,5.0,,,6,6.0,,,6,6.0,,,true,true,,,6,3.0,,,2,6.0,,,0,6.0,,,6,6.0,,,6,6.0,,,45.854,12.712,0.0,0.0,39.24,15.260000000000002,0.0,0.0,54.480000000000004,45.4,0.0,0.0,31.78,54.480000000000004,0.0,0.0,171.354,127.852,0.0,0.0
0,66ce4da62b4ca0e6ead754d6,23,Man,College,Arabic,English,n/a,n/a,"yes,some french",BLP,20,10.0,,,20,6.0,,,20,8.0,,,20,0.0,,,20,0.0,,,20,3.0,,,8,2,,,10,0,,,6,4,,,9,1,,,9,1,,,6,5.0,,,6,6.0,,,6,6.0,,,true,true,,,6,4.0,,,6,6.0,,,6,2.0,,,6,0.0,,,6,3.0,,,54.480000000000004,12.258000000000001,0.0,0.0,45.78,8.72,0.0,0.0,54.480000000000004,47.67,0.0,0.0,54.480000000000004,24.97,0.0,0.0,209.22000000000003,93.618,0.0,0.0
0,66cf143e060992b3d817c20f,24,Woman,PlusCollege,english,hindi,kannada,tulu,na,BLP,20,13.0,13.0,20.0,20,11.0,10.0,20.0,11,11.0,8.0,0.0,20,20.0,20.0,20.0,20,20.0,20.0,20.0,20,20.0,20.0,20.0,5,3,1,1,1,1,1,7,10,0,0,0,10,0,0,0,8,1,0,1,6,6.0,6.0,6.0,6,6.0,6.0,6.0,6,6.0,6.0,6.0,true,true,true,true,6,5.0,3.0,6.0,6,6.0,6.0,6.0,0,4.0,6.0,6.0,6,6.0,6.0,6.0,6,6.0,6.0,6.0,50.394,43.13,41.314,45.4,37.06,5.45,2.18,9.81,54.480000000000004,52.21,47.67,54.480000000000004,40.86,49.94,54.480000000000004,54.480000000000004,182.79400000000004,150.73000000000002,145.644,164.17000000000002
0,671a35e007e5342c31f94fa7,20,Woman,PlusCollege,English,n/a,n/a,n/a,no,BLP,20,,,,0,,,,11,,,,11,,,,12,,,,2,,,,10,,,,10,,,,10,,,,10,,,,10,,,,6,,,,6,,,,6,,,,true,,,,6,,,,6,,,,6,,,,6,,,,6,,,,25.424,0.0,0.0,0.0,54.50000000000001,0.0,0.0,0.0,54.480000000000004,0.0,0.0,0.0,54.480000000000004,0.0,0.0,0.0,188.88400000000001,0.0,0.0,0.0
0,67269f439696d166fbb74e09,24,Man,College,English,n/a,n/a,n/a,n/a,BLP,20,,,,20,,,,17,,,,20,,,,20,,,,3,,,,10,,,,10,,,,10,,,,10,,,,10,,,,6,,,,6,,,,6,,,,true,,,,6,,,,6,,,,6,,,,6,,,,6,,,,45.4,0.0,0.0,0.0,54.50000000000001,0.0,0.0,0.0,54.480000000000004,0.0,0.0,0.0,54.480000000000004,0.0,0.0,0.0,208.86,0.0,0.0,0.0
0,67270215b5ff7147c67afb89,24,Man,College,GREEK,ENGLISH,n/a,n/a,a tiny bit german,BLP,20,12.0,,,20,5.0,,,18,6.0,,,20,0.0,,,20,0.0,,,20,1.0,,,9,1,,,10,0,,,7,3,,,9,1,,,9,1,,,6,5.0,,,6,6.0,,,6,5.0,,,true,true,,,6,4.0,,,6,1.0,,,6,0.0,,,6,2.0,,,6,3.0,,,53.572,10.896,0.0,0.0,47.96,6.540000000000001,0.0,0.0,54.480000000000004,45.4,0.0,0.0,54.480000000000004,13.620000000000001,0.0,0.0,210.49200000000002,76.456,0.0,0.0
0,673c2ec22f554dedb25d4049,22,Woman,College,french,german,greek,spanish,dutch,BLP,19,14.0,17.0,15.0,20,15.0,13.0,20.0,11,7.0,8.0,9.0,4,6.0,9.0,6.0,6,9.0,9.0,6.0,3,2.0,3.0,5.0,3,2,3,2,4,1,2,3,4,1,3,2,5,1,1,3,3,2,3,2,6,6.0,5.0,5.0,6,6.0,6.0,6.0,6,5.0,6.0,5.0,true,true,true,true,6,6.0,5.0,6.0,6,6.0,6.0,6.0,5,4.0,4.0,4.0,6,6.0,5.0,4.0,6,5.0,5.0,5.0,28.602,24.062,26.786,27.694000000000003,20.71,7.630000000000001,15.260000000000002,13.080000000000002,54.480000000000004,52.21,49.94,49.94,52.21,47.67,45.4,43.13,156.002,131.572,137.386,133.844
0,673caf90069aa7e3820136cc,25,Man,College,English,n/a,n/a,n/a,No,BLP,17,,,,16,,,,12,,,,20,,,,20,,,,20,,,,10,,,,10,,,,10,,,,10,,,,10,,,,6,,,,6,,,,6,,,,true,,,,6,,,,6,,,,0,,,,4,,,,0,,,,47.67,0.0,0.0,0.0,54.50000000000001,0.0,0.0,0.0,54.480000000000004,0.0,0.0,0.0,22.7,0.0,0.0,0.0,179.35000000000002,0.0,0.0,0.0
0,67407b1fdd5d63e5b542d325,24,Woman,College,Italian,English,n/a,n/a,no,BLP,20,20.0,,,20,20.0,,,20,20.0,,,20,6.0,,,20,20.0,,,20,20.0,,,5,5,,,6,4,,,5,5,,,5,5,,,5,5,,,6,6.0,,,6,6.0,,,6,6.0,,,true,true,,,6,6.0,,,6,6.0,,,6,6.0,,,6,6.0,,,6,6.0,,,54.480000000000004,48.124,0.0,0.0,28.340000000000003,26.160000000000004,0.0,0.0,54.480000000000004,54.480000000000004,0.0,0.0,54.480000000000004,54.480000000000004,0.0,0.0,191.78000000000003,183.24400000000003,0.0,0.0
0,67503701c4ef8958767a58d9,22,Man,College,ENGLISH ,ARABIC,FRENCH,DUTCH,NO,BLP,19,18.0,14.0,10.0,20,14.0,14.0,9.0,14,10.0,9.0,7.0,20,4.0,2.0,2.0,20,15.0,15.0,15.0,7,2.0,7.0,2.0,5,3,1,1,6,1,2,1,9,0,1,0,7,2,1,0,9,1,0,0,6,4.0,3.0,3.0,6,5.0,4.0,3.0,6,6.0,5.0,3.0,true,true,true,true,6,6.0,6.0,4.0,6,6.0,5.0,5.0,6,6.0,5.0,3.0,6,6.0,4.0,4.0,6,6.0,6.0,6.0,45.4,28.602,27.694000000000003,20.43,39.24,7.630000000000001,9.81,2.18,54.480000000000004,47.67,40.86,29.51,54.480000000000004,54.480000000000004,45.4,40.86,193.60000000000002,138.382,123.76400000000001,92.98
0,677302ad15f7e3d0c1725fef,19,Woman,MinusCollege,English,n/a,n/a,n/a,no,BLP,20,,,,20,,,,14,,,,19,,,,19,,,,0,,,,10,,,,10,,,,10,,,,10,,,,10,,,,6,,,,6,,,,6,,,,true,,,,6,,,,6,,,,6,,,,6,,,,6,,,,41.768,0.0,0.0,0.0,54.50000000000001,0.0,0.0,0.0,54.480000000000004,0.0,0.0,0.0,54.480000000000004,0.0,0.0,0.0,205.228,0.0,0.0,0.0
0,68c00b0de12e311f71a427fd,24,Man,College,arabic,english,spanish ,n/a,no,BLP,20,14.0,0.0,,20,3.0,0.0,,15,12.0,2.0,,20,4.0,0.0,,20,3.0,0.0,,20,6.0,1.0,,7,2,1,,9,1,0,,4,5,1,,8,2,0,,6,3,1,,6,6.0,2.0,,6,6.0,2.0,,6,6.0,2.0,,true,true,true,,6,6.0,2.0,,6,4.0,3.0,,6,3.0,3.0,,6,6.0,6.0,,6,6.0,6.0,,52.21,19.068,1.362,0.0,37.06,14.170000000000002,13.080000000000002,0.0,54.480000000000004,54.480000000000004,18.16,0.0,54.480000000000004,43.13,40.86,0.0,198.23000000000002,130.848,73.462,0.0
0,68c91cf657e369ac5e1a5663,23,Man,College,Arabic,English,n/a,n/a,no,BLP,20,15.0,,,20,10.0,,,16,11.0,,,20,0.0,,,20,0.0,,,2,3.0,,,8,2,,,10,0,,,10,0,,,5,5,,,5,5,,,6,6.0,,,6,6.0,,,6,6.0,,,true,true,,,6,6.0,,,6,6.0,,,2,4.0,,,6,6.0,,,0,0.0,,,44.492000000000004,17.706,0.0,0.0,41.42,13.080000000000002,0.0,0.0,54.480000000000004,54.480000000000004,0.0,0.0,31.78,36.32,0.0,0.0,172.172,121.58600000000001,0.0,0.0
0,68d446bc9f28065a31881b5f,23,Man,College,arabic,english,n/a,n/a,no,BLP,20,14.0,,,20,5.0,,,12,17.0,,,20,0.0,,,20,0.0,,,20,1.0,,,9,1,,,10,0,,,4,6,,,9,1,,,9,1,,,6,4.0,,,6,5.0,,,6,4.0,,,true,true,,,6,3.0,,,6,4.0,,,6,4.0,,,6,4.0,,,6,3.0,,,50.848,16.798000000000002,0.0,0.0,44.690000000000005,9.81,0.0,0.0,54.480000000000004,36.32,0.0,0.0,54.480000000000004,34.05,0.0,0.0,204.49800000000005,96.97800000000001,0.0,0.0
0,690b6a1d98044838e462d048,23,Man,College,Arabic,English,French,n/a,"Japanese (n5), German (a1+)",BLP,20,8.0,15.0,,20,0.0,0.0,,18,10.0,14.0,,20,0.0,0.0,,20,0.0,0.0,,2,2.0,2.0,,5,3,2,,7,1,2,,4,1,5,,5,4,1,,5,4,1,,6,4.0,2.0,,6,5.0,3.0,,6,6.0,4.0,,true,true,true,,6,4.0,2.0,,6,4.0,1.0,,6,2.0,3.0,,6,5.0,4.0,,6,5.0,3.0,,45.4,9.08,14.074,0.0,28.340000000000003,14.170000000000002,17.44,0.0,54.480000000000004,43.13,24.97,0.0,54.480000000000004,36.32,24.97,0.0,182.70000000000005,102.69999999999999,81.45400000000001,0.0
0,692e8f1540ec35b6b4bb0b51,23,Man,College,Portuguese,English,n/a,n/a,No,BLP,20,10.0,,,20,6.0,,,17,8.0,,,20,0.0,,,20,0.0,,,20,0.0,,,9,1,,,10,0,,,8,2,,,9,1,,,9,1,,,6,5.0,,,6,5.0,,,6,5.0,,,true,true,,,6,4.0,,,6,4.0,,,6,5.0,,,6,4.0,,,6,4.0,,,53.118,10.896,0.0,0.0,49.050000000000004,5.45,0.0,0.0,54.480000000000004,43.13,0.0,0.0,54.480000000000004,38.59,0.0,0.0,211.12800000000004,98.066,0.0,0.0
0,6931bc7a9286300ba24d7703,24,Woman,HighSchool,Portuguese,English,n/a,n/a,no,BLP,20,8.0,,,20,6.0,,,18,0.0,,,20,0.0,,,20,0.0,,,20,0.0,,,9,1,,,10,0,,,10,0,,,8,2,,,9,1,,,6,4.0,,,6,4.0,,,6,4.0,,,true,true,,,6,3.0,,,6,3.0,,,6,3.0,,,6,5.0,,,6,3.0,,,53.572,6.356,0.0,0.0,50.14,4.36,0.0,0.0,54.480000000000004,34.05,0.0,0.0,54.480000000000004,31.78,0.0,0.0,212.67200000000003,76.54599999999999,0.0,0.0
0,6931ed877a6b11c2d99e317a,20,Woman,HighSchool,Italian,English,n/a,n/a,no,BLP,20,14.0,,,20,7.0,,,15,13.0,,,20,0.0,,,20,0.0,,,20,0.0,,,10,0,,,10,0,,,9,1,,,10,0,,,9,1,,,6,4.0,,,6,5.0,,,6,6.0,,,true,true,,,6,4.0,,,6,3.0,,,4,4.0,,,6,5.0,,,6,4.0,,,52.21,15.436,0.0,0.0,52.32000000000001,2.18,0.0,0.0,54.480000000000004,43.13,0.0,0.0,49.94,36.32,0.0,0.0,208.95,97.066,0.0,0.0
0,6931edb6c25b0bfc7745d97b,21,Woman,HighSchool,italiano,inglese,spagnolo,n/a,no,BLP,20,9.0,6.0,,20,6.0,1.0,,20,10.0,3.0,,20,1.0,1.0,,20,0.0,0.0,,20,2.0,1.0,,6,2,2,,6,2,2,,6,2,2,,6,2,2,,6,2,2,,6,4.0,2.0,,6,4.0,3.0,,6,4.0,3.0,,true,true,true,,6,4.0,3.0,,6,4.0,3.0,,6,3.0,5.0,,6,6.0,6.0,,6,6.0,6.0,,54.480000000000004,12.712,5.448,0.0,32.7,10.9,15.260000000000002,0.0,54.480000000000004,36.32,24.97,0.0,54.480000000000004,43.13,45.4,0.0,196.14000000000004,103.06200000000001,91.078,0.0
0,6932b8da8751dc6771770907,25,Man,College,French,English,German,N/A,No,BLP,20,10.0,5.0,,20,5.0,0.0,,20,16.0,5.0,,20,0.0,0.0,,20,0.0,0.0,,20,0.0,0.0,,10,0,0,,9,0,1,,10,0,0,,5,5,0,,10,0,0,,6,6.0,3.0,,6,6.0,5.0,,6,6.0,5.0,,true,true,true,,6,6.0,5.0,,6,6.0,4.0,,3,6.0,3.0,,6,6.0,6.0,,6,6.0,6.0,,54.480000000000004,14.074,4.54,0.0,47.96,5.45,9.81,0.0,54.480000000000004,54.480000000000004,40.86,0.0,47.67,54.480000000000004,43.13,0.0,204.59000000000003,128.484,98.34,0.0
0,6932c63c66408da96a982ab1,22,Woman,College,English,n/a,n/a,n/a,n/a,BLP,20,,,,20,,,,16,,,,20,,,,20,,,,3,,,,10,,,,10,,,,10,,,,10,,,,10,,,,6,,,,6,,,,6,,,,true,,,,6,,,,6,,,,6,,,,6,,,,6,,,,44.946,0.0,0.0,0.0,54.50000000000001,0.0,0.0,0.0,54.480000000000004,0.0,0.0,0.0,54.480000000000004,0.0,0.0,0.0,208.406,0.0,0.0,0.0
0,6951d6fd93f50ed0e6363eba,19,Man,HighSchool,dutch,english,chinese (dialect),french but very poor,"im still learning mandarin chinese, it's also atleast as bad as my french",BLP,17,14.0,17.0,8.0,20,5.0,0.0,0.0,19,7.0,0.0,7.0,19,0.0,0.0,1.0,19,0.0,19.0,0.0,19,0.0,0.0,0.0,8,2,0,0,9,0,1,0,10,0,0,0,3,7,0,0,10,0,0,0,6,5.0,3.0,2.0,6,5.0,3.0,2.0,6,5.0,0.0,2.0,true,true,true,true,6,5.0,0.0,1.0,6,6.0,1.0,0.0,6,1.0,6.0,1.0,3,3.0,2.0,1.0,6,6.0,2.0,1.0,51.302,11.804,16.344,7.264,43.6,9.81,9.81,0.0,54.480000000000004,45.4,13.620000000000001,15.89,47.67,36.32,24.97,6.8100000000000005,197.05200000000002,103.334,64.744,29.964
0,6972610c74d08456b2aa6ae2,22,Woman,College,Italian,English,Spanish,Korean,no,BLP,20,14.0,9.0,0.0,20,7.0,7.0,0.0,18,12.0,3.0,1.0,20,0.0,0.0,1.0,20,1.0,0.0,1.0,1,0.0,0.0,0.0,8,1,0,1,10,0,0,0,2,8,0,0,7,2,0,1,8,2,0,0,6,6.0,3.0,2.0,6,6.0,4.0,3.0,6,6.0,4.0,3.0,true,true,true,true,6,6.0,3.0,2.0,5,6.0,1.0,2.0,5,6.0,3.0,4.0,6,6.0,2.0,5.0,6,6.0,0.0,3.0,44.946,15.436,8.626,1.362,38.150000000000006,14.170000000000002,10.9,2.18,54.480000000000004,54.480000000000004,31.78,22.7,49.94,54.480000000000004,13.620000000000001,31.78,187.51600000000002,138.56600000000003,64.926,58.022000000000006
0,6977ae157abbca43d19d7ed2,23,Man,HighSchool,German,English,n/a,n/a,n/a,BLP,20,12.0,,,20,3.0,,,13,10.0,,,20,0.0,,,20,0.0,,,20,2.0,,,9,1,,,10,0,,,9,1,,,9,1,,,10,0,,,6,4.0,,,6,5.0,,,6,6.0,,,true,true,,,6,4.0,,,6,3.0,,,6,3.0,,,6,4.0,,,6,2.0,,,51.302,12.258000000000001,0.0,0.0,51.230000000000004,3.2700000000000005,0.0,0.0,54.480000000000004,43.13,0.0,0.0,54.480000000000004,27.240000000000002,0.0,0.0,211.49200000000002,85.898,0.0,0.0
0,6978c41323acbe6260c25b6b,22,Woman,MinusCollege,English,n/a,n/a,n/a,No,BLP,20,,,,20,,,,13,,,,20,,,,20,,,,6,,,,10,,,,10,,,,10,,,,10,,,,10,,,,6,,,,6,,,,6,,,,true,,,,6,,,,6,,,,6,,,,6,,,,6,,,,44.946,0.0,0.0,0.0,54.50000000000001,0.0,0.0,0.0,54.480000000000004,0.0,0.0,0.0,54.480000000000004,0.0,0.0,0.0,208.406,0.0,0.0,0.0
0,697a79efb4f34a8176d66d2b,21,Woman,MinusCollege,Portuguese,English,Spanish,n/a,No,BLP,20,15.0,10.0,,20,8.0,2.0,,18,10.0,4.0,,20,0.0,0.0,,20,0.0,0.0,,20,0.0,0.0,,8,2,0,,10,0,0,,7,3,0,,6,4,0,,10,0,0,,6,6.0,4.0,,6,6.0,6.0,,6,6.0,6.0,,true,true,true,,6,6.0,2.0,,6,6.0,2.0,,6,2.0,6.0,,6,6.0,0.0,,6,6.0,0.0,,53.572,14.982000000000001,7.264,0.0,44.690000000000005,9.81,10.9,0.0,54.480000000000004,54.480000000000004,40.86,0.0,54.480000000000004,45.4,18.16,0.0,207.22200000000004,124.672,77.184,0.0
0,697ae23c7ed5edbb062a80a3,19,Man,MinusCollege,spanish,english,n/a,n/a,no,BLP,19,14.0,,,20,9.0,,,19,13.0,,,19,0.0,,,19,0.0,,,19,1.0,,,10,0,,,10,0,,,7,3,,,9,1,,,8,2,,,6,5.0,,,6,6.0,,,6,6.0,,,true,true,,,6,5.0,,,6,5.0,,,6,1.0,,,6,6.0,,,6,0.0,,,52.21,16.798000000000002,0.0,0.0,47.96,6.540000000000001,0.0,0.0,54.480000000000004,49.94,0.0,0.0,54.480000000000004,27.240000000000002,0.0,0.0,209.13,100.518,0.0,0.0
0,697af0b9a1262e67a280818f,19,Woman,MinusCollege,PORTUGUESE,ENGLISH,N/A,N/A,no,BLP,20,13.0,,,20,5.0,,,19,16.0,,,19,0.0,,,19,0.0,,,19,0.0,,,8,2,,,10,0,,,9,1,,,7,3,,,10,0,,,6,4.0,,,6,6.0,,,6,6.0,,,true,true,,,6,5.0,,,6,4.0,,,6,2.0,,,6,6.0,,,6,6.0,,,52.664,15.436,0.0,0.0,47.96,6.540000000000001,0.0,0.0,54.480000000000004,47.67,0.0,0.0,54.480000000000004,40.86,0.0,0.0,209.584,110.506,0.0,0.0
0,697b23f24e0252dfb327f950,20,Man,MinusCollege,Catalan,Spanish,English,French,No,BLP,20,20.0,14.0,8.0,20,20.0,4.0,2.0,20,20.0,14.0,5.0,20,20.0,0.0,0.0,20,20.0,0.0,0.0,2,2.0,0.0,0.0,9,1,0,0,10,0,0,0,6,3,1,0,8,1,1,0,10,0,0,0,6,6.0,6.0,4.0,6,6.0,6.0,3.0,6,6.0,6.0,5.0,true,true,true,true,6,6.0,6.0,2.0,6,2.0,5.0,3.0,6,1.0,2.0,2.0,6,1.0,3.0,2.0,6,1.0,4.0,3.0,46.308,46.308,14.528,6.8100000000000005,46.870000000000005,5.45,13.080000000000002,0.0,54.480000000000004,54.480000000000004,54.480000000000004,31.78,54.480000000000004,11.35,31.78,22.7,202.13800000000003,117.588,113.86800000000001,61.290000000000006
0,697b39e368a5d148ab03b923,25,Man,Masters,spanish,english,french,n/a,no,BLP,20,10.0,8.0,,20,5.0,5.0,,20,10.0,7.0,,20,0.0,0.0,,20,0.0,0.0,,3,1.0,0.0,,9,1,0,,10,0,0,,8,2,0,,8,2,0,,7,3,0,,6,5.0,3.0,,6,5.0,2.0,,6,6.0,2.0,,true,true,true,,6,5.0,3.0,,6,4.0,0.0,,6,3.0,0.0,,6,3.0,0.0,,6,0.0,0.0,,46.762,11.804,9.08,0.0,45.78,8.72,10.9,0.0,54.480000000000004,47.67,22.7,0.0,54.480000000000004,22.7,0.0,0.0,201.502,90.894,42.68,0.0
0,697babc50cd42f81edf45acc,25,Woman,PlusCollege,Portuguese,English,Spanish,n/a,No,BLP,20,14.0,1.0,,20,5.0,1.0,,10,10.0,1.0,,20,1.0,1.0,,20,1.0,1.0,,20,5.0,4.0,,8,1,1,,10,0,0,,4,3,3,,5,3,2,,8,2,0,,6,6.0,6.0,,6,6.0,6.0,,6,6.0,6.0,,true,true,true,,6,6.0,6.0,,6,6.0,6.0,,6,3.0,5.0,,6,6.0,6.0,,6,0.0,0.0,,49.940000000000005,16.344,4.086,0.0,38.150000000000006,9.81,17.44,0.0,54.480000000000004,54.480000000000004,54.480000000000004,0.0,54.480000000000004,34.05,38.59,0.0,197.05,114.68400000000001,114.596,0.0
0,697bbefe70fe1cb006530f0f,24,Woman,College,ENGLISH,GERMAN,NA,NA,ARABIC,BLP,20,1.0,,,20,0.0,,,18,1.0,,,20,1.0,,,20,2.0,,,3,1.0,,,7,3,,,9,1,,,6,4,,,7,3,,,9,1,,,6,3.0,,,6,4.0,,,6,4.0,,,true,true,,,6,4.0,,,6,3.0,,,6,4.0,,,6,6.0,,,6,6.0,,,45.854,2.724,0.0,0.0,41.42,13.080000000000002,0.0,0.0,54.480000000000004,34.05,0.0,0.0,54.480000000000004,43.13,0.0,0.0,196.23400000000004,92.98400000000001,0.0,0.0
0,697ca949b8525fcd6448b5ab,20,Man,College,Portuguese,English,Spanish ,French,no,BLP,20,14.0,5.0,7.0,20,20.0,5.0,5.0,19,14.0,0.0,3.0,19,0.0,0.0,0.0,19,0.0,0.0,0.0,19,10.0,0.0,0.0,7,2,1,0,9,1,0,0,8,2,0,0,6,3,1,0,9,1,0,0,6,5.0,3.0,3.0,6,6.0,6.0,4.0,6,6.0,4.0,4.0,true,true,true,true,6,6.0,3.0,3.0,6,6.0,4.0,2.0,6,6.0,4.0,3.0,6,6.0,4.0,4.0,6,6.0,4.0,3.0,52.664,26.332,4.54,6.8100000000000005,42.510000000000005,9.81,11.99,0.0,54.480000000000004,52.21,36.32,31.78,54.480000000000004,54.480000000000004,36.32,27.240000000000002,204.13400000000001,142.832,89.17,65.83000000000001
0,697ca9cfd08ef9e2ffd194c9,24,Man,HighSchool,Portuguese,English,n/a,n/a,no,BLP,20,12.0,,,20,8.0,,,12,10.0,,,20,0.0,,,20,0.0,,,7,7.0,,,9,1,,,10,0,,,9,1,,,6,4,,,6,4,,,6,5.0,,,6,6.0,,,6,6.0,,,true,true,,,6,6.0,,,6,6.0,,,6,6.0,,,6,6.0,,,6,6.0,,,44.946,16.798000000000002,0.0,0.0,43.6,10.9,0.0,0.0,54.480000000000004,52.21,0.0,0.0,54.480000000000004,54.480000000000004,0.0,0.0,197.50600000000003,134.388,0.0,0.0
0,697cab1603c68e76a4d71eb0,21,Man,College,Hindi,English,Punjabi,Haryanvi,no,BLP,20,16.0,7.0,13.0,17,13.0,12.0,13.0,12,17.0,4.0,6.0,20,20.0,20.0,20.0,20,20.0,20.0,20.0,5,5.0,5.0,2.0,6,1,1,2,8,1,0,1,4,4,1,1,10,0,0,0,6,2,0,2,6,6.0,6.0,6.0,6,6.0,6.0,6.0,6,6.0,6.0,6.0,true,true,true,true,6,6.0,6.0,6.0,6,6.0,6.0,6.0,6,4.0,4.0,6.0,6,6.0,6.0,6.0,6,6.0,4.0,6.0,42.676,41.314,30.872,33.596000000000004,37.06,8.72,10.9,6.540000000000001,54.480000000000004,54.480000000000004,54.480000000000004,54.480000000000004,54.480000000000004,49.94,45.4,54.480000000000004,188.69600000000003,154.454,141.65200000000002,149.096
0,697cabd6c4f2dee174cf2a1d,22,Man,PlusCollege,English,Hindi,n/a,n/a,no,BLP,16,20.0,,,15,20.0,,,16,20.0,,,20,20.0,,,20,20.0,,,20,20.0,,,5,5,,,5,5,,,10,0,,,5,5,,,5,5,,,6,6.0,,,6,6.0,,,6,6.0,,,true,true,,,6,5.0,,,5,6.0,,,3,6.0,,,6,6.0,,,6,6.0,,,48.578,54.480000000000004,0.0,0.0,32.7,21.8,0.0,0.0,54.480000000000004,52.21,0.0,0.0,45.4,54.480000000000004,0.0,0.0,181.15800000000002,182.97000000000003,0.0,0.0
0,697cac029fc2c2f5a6adbc65,25,Man,Masters,Hindi,English,n/a,n/a,No,BLP,19,13.0,,,20,6.0,,,5,18.0,,,20,20.0,,,20,20.0,,,2,2.0,,,7,3,,,10,0,,,5,5,,,6,4,,,8,2,,,6,5.0,,,6,5.0,,,6,6.0,,,true,true,,,6,4.0,,,6,4.0,,,6,3.0,,,6,6.0,,,6,3.0,,,39.044000000000004,35.866,0.0,0.0,39.24,15.260000000000002,0.0,0.0,54.480000000000004,45.4,0.0,0.0,54.480000000000004,36.32,0.0,0.0,187.24400000000003,132.846,0.0,0.0
0,697caee42ccb58f80bd052aa,25,Woman,Masters,Nepali,English,Hindi,Bengali,Korean,BLP,20,18.0,16.0,10.0,20,16.0,14.0,1.0,0,20.0,17.0,4.0,20,20.0,20.0,20.0,20,20.0,20.0,7.0,0,3.0,3.0,3.0,2,7,1,0,7,3,0,0,0,9,1,0,2,8,0,0,1,9,0,0,6,6.0,6.0,4.0,6,6.0,6.0,5.0,6,6.0,6.0,4.0,true,true,true,true,6,6.0,6.0,3.0,5,6.0,4.0,2.0,6,0.0,0.0,0.0,6,6.0,6.0,4.0,6,6.0,6.0,1.0,36.32,44.038000000000004,40.86,20.43,13.080000000000002,39.24,9.81,0.0,54.480000000000004,54.480000000000004,54.480000000000004,36.32,52.21,40.86,36.32,15.89,156.09,178.618,141.47,72.64
0,697cb146afcfe842ae49bdd4,24,Man,HighSchool,Portuguese,English,n/a,n/a,"I speak very little Spanish, French and Korean, but nowhere near a level that I can communicate clearly in those languages.",BLP,20,14.0,,,20,9.0,,,16,12.0,,,20,0.0,,,20,0.0,,,20,2.0,,,10,0,,,10,0,,,9,1,,,9,1,,,10,0,,,6,6.0,,,6,6.0,,,6,6.0,,,true,true,,,6,5.0,,,6,6.0,,,6,4.0,,,6,3.0,,,6,4.0,,,52.664,16.798000000000002,0.0,0.0,52.32000000000001,2.18,0.0,0.0,54.480000000000004,52.21,0.0,0.0,54.480000000000004,38.59,0.0,0.0,213.94400000000002,109.778,0.0,0.0
0,697cb9bb801ddf0766cdaa70,21,Woman,MinusCollege,Hindi,English,n/a,n/a,NO,BLP,20,17.0,,,20,20.0,,,20,20.0,,,19,19.0,,,19,20.0,,,19,20.0,,,8,2,,,9,1,,,6,4,,,5,5,,,5,5,,,6,6.0,,,6,6.0,,,6,6.0,,,true,true,,,6,6.0,,,6,6.0,,,6,5.0,,,6,6.0,,,6,5.0,,,53.118,52.664,0.0,0.0,35.970000000000006,18.53,0.0,0.0,54.480000000000004,54.480000000000004,0.0,0.0,54.480000000000004,49.94,0.0,0.0,198.048,175.614,0.0,0.0
0,697cbe43c25ee72899c9c213,21,Man,College,HINDI,ENGLISH,PUNJABI,n/a,n/a,BLP,20,20.0,16.0,,20,20.0,9.0,,17,17.0,0.0,,20,20.0,20.0,,20,20.0,0.0,,3,3.0,0.0,,6,3,1,,8,2,0,,5,5,0,,7,3,0,,4,6,0,,6,6.0,4.0,,6,6.0,6.0,,6,6.0,3.0,,true,true,true,,6,6.0,2.0,,6,6.0,6.0,,6,0.0,6.0,,6,1.0,1.0,,6,2.0,4.0,,45.4,45.4,20.43,0.0,32.7,20.71,9.81,0.0,54.480000000000004,54.480000000000004,34.05,0.0,54.480000000000004,20.43,38.59,0.0,187.06,141.02,102.88,0.0
0,697cc570d57156b29c34b70a,20,Man,MinusCollege,Hindi,Punjabi,English,n/a,n/a,BLP,20,17.0,13.0,,20,13.0,11.0,,16,13.0,18.0,,20,20.0,20.0,,20,20.0,1.0,,2,0.0,4.0,,4,2,4,,9,1,0,,1,0,9,,3,1,6,,9,0,1,,6,5.0,6.0,,6,6.0,6.0,,6,5.0,6.0,,true,true,true,,6,3.0,6.0,,6,4.0,5.0,,6,6.0,4.0,,6,5.0,3.0,,6,5.0,6.0,,44.492000000000004,37.682,30.418,0.0,28.340000000000003,4.36,31.610000000000003,0.0,54.480000000000004,43.13,54.480000000000004,0.0,54.480000000000004,45.4,40.86,0.0,181.79200000000003,130.572,157.368,0.0
0,697ccf682c513bd6ac96151f,19,Man,College,English ,Hindi,n/a,n/a,no,BLP,20,20.0,,,4,20.0,,,18,16.0,,,19,19.0,,,19,19.0,,,19,19.0,,,4,6,,,2,8,,,8,2,,,6,4,,,9,1,,,5,5.0,,,5,6.0,,,6,5.0,,,true,true,,,6,1.0,,,5,5.0,,,5,5.0,,,5,5.0,,,5,4.0,,,44.946,51.302,0.0,0.0,31.610000000000003,22.89,0.0,0.0,49.94,38.59,0.0,0.0,45.4,43.13,0.0,0.0,171.896,155.912,0.0,0.0
0,697cd69b8306e0d7e7ff4bfc,24,Woman,Masters,Portuguese,English,Spanish,n/a,French,BLP,20,12.0,7.0,,20,5.0,6.0,,20,15.0,3.0,,20,0.0,0.0,,20,0.0,0.0,,20,6.0,0.0,,5,5,0,,10,0,0,,7,3,0,,8,2,0,,8,2,0,,6,6.0,2.0,,6,6.0,3.0,,6,6.0,5.0,,true,true,true,,6,6.0,3.0,,6,6.0,0.0,,6,1.0,1.0,,6,6.0,1.0,,6,6.0,3.0,,54.480000000000004,17.252,7.264,0.0,41.42,13.080000000000002,10.9,0.0,54.480000000000004,54.480000000000004,29.51,0.0,54.480000000000004,43.13,11.35,0.0,204.86,127.94200000000001,59.02400000000001,0.0
0,697ce004a414418e49c8d32a,22,Man,College,English,Hindi,n/a,n/a,no,BLP,12,20.0,,,5,20.0,,,12,10.0,,,20,20.0,,,20,20.0,,,1,1.0,,,1,9,,,3,7,,,7,3,,,10,0,,,9,1,,,6,6.0,,,6,6.0,,,6,6.0,,,true,true,,,6,5.0,,,6,3.0,,,3,6.0,,,6,6.0,,,6,6.0,,,31.78,41.314,0.0,0.0,32.7,21.8,0.0,0.0,54.480000000000004,52.21,0.0,0.0,47.67,47.67,0.0,0.0,166.63,162.99400000000003,0.0,0.0
0,697ce7bf0f53f5d87f619308,23,Man,College,Urdu,English,n/a,n/a,No,BLP,20,15.0,,,20,10.0,,,11,13.0,,,20,20.0,,,20,0.0,,,2,2.0,,,8,2,,,9,1,,,7,3,,,7,3,,,6,4,,,5,6.0,,,6,5.0,,,6,6.0,,,true,true,,,6,6.0,,,5,5.0,,,6,0.0,,,6,5.0,,,6,2.0,,,42.222,27.240000000000002,0.0,0.0,40.330000000000005,14.170000000000002,0.0,0.0,52.21,52.21,0.0,0.0,52.21,27.240000000000002,0.0,0.0,186.972,120.86000000000001,0.0,0.0
0,697ce9513b3628db72070f23,24,Woman,Masters,Hindi,English,Punjabi,Gujarati,"Urdu, Haryanvi",BLP,20,17.0,10.0,10.0,20,10.0,5.0,5.0,20,20.0,0.0,0.0,20,5.0,15.0,15.0,20,5.0,0.0,0.0,20,5.0,0.0,0.0,6,0,2,2,8,0,1,1,0,10,0,0,8,2,0,0,0,10,0,0,6,6.0,3.0,2.0,6,6.0,6.0,3.0,6,6.0,0.0,0.0,true,true,true,true,6,6.0,0.0,0.0,6,0.0,0.0,0.0,6,0.0,0.0,0.0,6,6.0,0.0,0.0,0,6.0,0.0,0.0,54.480000000000004,28.148,13.620000000000001,13.620000000000001,23.98,23.98,10.9,3.2700000000000005,54.480000000000004,54.480000000000004,20.43,11.35,40.86,27.240000000000002,0.0,0.0,173.8,133.848,44.95,28.240000000000002
0,697ced4d80e2cdd6597570a4,24,Woman,Masters,Portuguese,English,n/a,n/a,No.,BLP,20,15.0,,,18,11.0,,,18,15.0,,,20,0.0,,,20,0.0,,,1,1.0,,,10,0,,,10,0,,,8,2,,,8,2,,,10,0,,,6,5.0,,,6,6.0,,,6,5.0,,,true,true,,,6,5.0,,,6,5.0,,,6,6.0,,,6,6.0,,,6,6.0,,,44.038000000000004,19.068,0.0,0.0,50.14,4.36,0.0,0.0,54.480000000000004,47.67,0.0,0.0,54.480000000000004,52.21,0.0,0.0,203.13800000000003,123.30799999999999,0.0,0.0
0,697cee693cacc7fc3ccaedb3,20,Man,HighSchool,Portuguese,English,n/a,n/a,No,BLP,20,14.0,,,20,8.0,,,14,14.0,,,20,0.0,,,20,0.0,,,20,0.0,,,10,0,,,10,0,,,7,3,,,10,0,,,10,0,,,6,5.0,,,6,5.0,,,6,6.0,,,true,true,,,6,4.0,,,6,4.0,,,6,2.0,,,6,5.0,,,6,4.0,,,51.756,16.344,0.0,0.0,51.230000000000004,3.2700000000000005,0.0,0.0,54.480000000000004,45.4,0.0,0.0,54.480000000000004,34.05,0.0,0.0,211.94600000000003,99.064,0.0,0.0
0,697ceef83c5a1d1a0f21c6c1,20,Man,MinusCollege,Hindi,English,n/a,n/a,no,BLP,20,15.0,,,20,10.0,,,14,14.0,,,20,20.0,,,20,1.0,,,1,2.0,,,8,2,,,10,0,,,4,6,,,7,3,,,5,5,,,6,5.0,,,6,6.0,,,6,6.0,,,true,true,,,6,6.0,,,6,4.0,,,6,4.0,,,6,6.0,,,6,5.0,,,43.13,28.148,0.0,0.0,37.06,17.44,0.0,0.0,54.480000000000004,52.21,0.0,0.0,54.480000000000004,43.13,0.0,0.0,189.15000000000003,140.928,0.0,0.0
0,697d0af5cbf092790e5303e5,25,Woman,PlusCollege,Portuguese,English,Spanish,n/a,No,BLP,20,17.0,9.0,,20,4.0,0.0,,20,6.0,3.0,,20,0.0,0.0,,20,0.0,0.0,,5,0.0,0.0,,10,0,0,,10,0,0,,8,2,0,,8,2,0,,9,1,0,,6,4.0,2.0,,6,4.0,3.0,,6,5.0,4.0,,true,true,true,,6,4.0,1.0,,6,2.0,0.0,,6,0.0,3.0,,6,3.0,2.0,,6,0.0,0.0,,47.67,12.258000000000001,5.448,0.0,49.050000000000004,5.45,10.9,0.0,54.480000000000004,38.59,22.7,0.0,54.480000000000004,11.35,11.35,0.0,205.68,67.648,50.398,0.0
0,697da4b448849212fa6532e6,25,Man,PlusCollege,English,Telugu,Hindi,n/a,No,BLP,14,19.0,10.0,,8,16.0,4.0,,13,12.0,12.0,,20,20.0,20.0,,17,20.0,15.0,,2,2.0,2.0,,1,8,1,,1,9,0,,8,1,1,,9,1,0,,8,1,1,,6,6.0,3.0,,6,6.0,4.0,,6,6.0,5.0,,true,true,true,,6,6.0,4.0,,5,6.0,2.0,,5,6.0,3.0,,5,6.0,2.0,,6,5.0,5.0,,33.596000000000004,40.406,28.602,0.0,29.430000000000003,21.8,4.36,0.0,54.480000000000004,54.480000000000004,36.32,0.0,47.67,52.21,27.240000000000002,0.0,165.17600000000002,168.89600000000002,96.52200000000002,0.0
0,697f3920d3a9308de7557222,23,Man,College,Hindi,English,Gujarati,Marathi,N/A,BLP,17,17.0,14.0,14.0,17,15.0,13.0,13.0,14,18.0,0.0,3.0,20,20.0,0.0,1.0,0,0.0,0.0,0.0,20,20.0,0.0,1.0,6,4,0,0,10,0,0,0,4,6,0,0,5,5,0,0,5,5,0,0,6,5.0,2.0,2.0,6,5.0,3.0,3.0,6,6.0,4.0,4.0,true,true,true,true,6,6.0,4.0,4.0,6,4.0,1.0,1.0,6,2.0,1.0,1.0,6,3.0,1.0,1.0,6,6.0,3.0,3.0,39.952,40.86,12.258000000000001,14.528,32.7,21.8,10.9,0.0,54.480000000000004,49.94,29.51,29.51,54.480000000000004,34.05,13.620000000000001,13.620000000000001,181.61200000000002,146.64999999999998,66.28800000000001,57.658
0,698074189377637711d6ee4c,26,Man,College,ENGLISH,n/a,n/a,n/a,No,BLP,20,,,,20,,,,16,,,,20,,,,20,,,,20,,,,10,,,,10,,,,10,,,,10,,,,10,,,,6,,,,6,,,,6,,,,true,,,,5,,,,6,,,,6,,,,6,,,,6,,,,52.664,0.0,0.0,0.0,54.50000000000001,0.0,0.0,0.0,52.21,0.0,0.0,0.0,54.480000000000004,0.0,0.0,0.0,213.85400000000004,0.0,0.0,0.0
0,698074881d252d37dd9bc4d2,25,Man,College,Arabic,English,None,None,No,BLP,20,14.0,,,20,10.0,,,12,12.0,,,12,12.0,,,20,20.0,,,20,5.0,,,10,0,,,10,0,,,3,7,,,6,4,,,10,0,,,6,4.0,,,6,6.0,,,6,6.0,,,true,true,,,6,6.0,,,6,6.0,,,6,2.0,,,6,6.0,,,4,6.0,,,47.216,33.142,0.0,0.0,42.510000000000005,11.99,0.0,0.0,54.480000000000004,49.94,0.0,0.0,49.94,45.4,0.0,0.0,194.14600000000002,140.472,0.0,0.0
0,6980756db82b3f6b672c2fea,26,Man,College,English,Japanese ,n/a,n/a,n/a,BLP,20,4.0,,,20,0.0,,,12,2.0,,,20,0.0,,,20,0.0,,,8,0.0,,,9,1,,,10,0,,,10,0,,,10,0,,,10,0,,,6,1.0,,,6,4.0,,,6,3.0,,,true,true,,,6,0.0,,,6,2.0,,,6,1.0,,,6,6.0,,,6,6.0,,,45.4,2.724,0.0,0.0,53.410000000000004,1.09,0.0,0.0,54.480000000000004,18.16,0.0,0.0,54.480000000000004,34.05,0.0,0.0,207.77000000000004,56.024,0.0,0.0
0,698077f69bf2b842579340fc,18,Man,HighSchool,English,n/a,n/a,n/a,n/a,BLP,16,,,,9,,,,10,,,,14,,,,18,,,,4,,,,10,,,,10,,,,10,,,,10,,,,10,,,,6,,,,6,,,,6,,,,true,,,,5,,,,6,,,,5,,,,6,,,,5,,,,32.234,0.0,0.0,0.0,54.50000000000001,0.0,0.0,0.0,52.21,0.0,0.0,0.0,49.94,0.0,0.0,0.0,188.88400000000001,0.0,0.0,0.0
0,698078075d3326e1b30bd1c3,24,Man,College,Arabic,english,n/a,n/a,Arabic and English only,BLP,20,13.0,,,13,12.0,,,20,20.0,,,20,20.0,,,20,20.0,,,20,20.0,,,6,4,,,7,3,,,7,3,,,7,3,,,8,2,,,6,5.0,,,6,6.0,,,6,6.0,,,true,true,,,6,5.0,,,6,5.0,,,6,4.0,,,6,5.0,,,6,5.0,,,51.302,47.67,0.0,0.0,38.150000000000006,16.35,0.0,0.0,54.480000000000004,49.94,0.0,0.0,54.480000000000004,43.13,0.0,0.0,198.41200000000003,157.09,0.0,0.0
0,698078e0b930dfcbfde9d603,23,Man,College,Arabic,English,n/a,n/a,no,BLP,20,16.0,,,16,7.0,,,16,16.0,,,20,0.0,,,20,0.0,,,1,1.0,,,9,1,,,10,0,,,7,3,,,9,1,,,8,2,,,6,5.0,,,6,5.0,,,6,6.0,,,true,true,,,5,4.0,,,6,4.0,,,6,2.0,,,6,4.0,,,6,5.0,,,42.222,18.16,0.0,0.0,46.870000000000005,7.630000000000001,0.0,0.0,52.21,45.4,0.0,0.0,54.480000000000004,34.05,0.0,0.0,195.78200000000004,105.24,0.0,0.0
0,69807d4738a6a1d1a2774e67,21,Man,MinusCollege,arabic,english,n/a,n/a,no,BLP,20,16.0,,,19,14.0,,,20,20.0,,,20,1.0,,,20,0.0,,,19,2.0,,,9,1,,,10,0,,,6,4,,,10,0,,,5,5,,,6,4.0,,,6,5.0,,,6,6.0,,,true,true,,,6,5.0,,,6,4.0,,,6,4.0,,,6,4.0,,,6,4.0,,,53.572,24.062,0.0,0.0,43.6,10.9,0.0,0.0,54.480000000000004,45.4,0.0,0.0,54.480000000000004,36.32,0.0,0.0,206.132,116.68199999999999,0.0,0.0
0,69807e97ec7daf3eb0a4f256,25,Woman,PlusCollege,Arabic,English,Chinese,N/a,no,BLP,20,15.0,1.0,0.0,20,0.0,0.0,0.0,5,5.0,19.0,20.0,20,20.0,0.0,0.0,20,20.0,0.0,0.0,20,20.0,1.0,0.0,5,5,0,0,10,0,0,0,5,1,4,0,10,0,0,0,5,5,0,0,6,6.0,2.0,0.0,6,6.0,3.0,0.0,6,6.0,4.0,0.0,true,true,true,true,6,6.0,4.0,0.0,6,6.0,0.0,0.0,6,6.0,6.0,0.0,6,6.0,2.0,0.0,6,6.0,6.0,0.0,47.67,36.32,9.534,9.08,38.150000000000006,11.99,15.260000000000002,0.0,54.480000000000004,54.480000000000004,29.51,0.0,54.480000000000004,54.480000000000004,31.78,0.0,194.78000000000003,157.27,86.084,9.08
0,69807f12172ef48a2ac7edfa,23,Man,College,Arabic,French,English,Italian,A little bit of Italian and Spanish laguages,BLP,20,13.0,11.0,0.0,15,6.0,4.0,0.0,14,17.0,18.0,3.0,20,20.0,1.0,0.0,20,0.0,0.0,0.0,20,5.0,4.0,2.0,6,2,1,1,8,1,1,0,5,3,2,0,6,2,1,1,5,2,2,1,6,5.0,4.0,2.0,6,6.0,6.0,2.0,6,5.0,5.0,3.0,true,true,true,true,6,6.0,5.0,3.0,6,4.0,4.0,2.0,6,3.0,3.0,1.0,6,6.0,6.0,2.0,6,6.0,6.0,3.0,49.486000000000004,27.694000000000003,17.252,2.27,32.7,10.9,15.260000000000002,3.2700000000000005,54.480000000000004,49.94,45.4,22.7,54.480000000000004,43.13,43.13,18.16,191.14600000000002,131.664,121.042,46.400000000000006
0,69808060419a938572d8eb13,21,Man,MinusCollege,Arabic,English,French,Japanese,german,BLP,20,16.0,8.0,1.0,14,8.0,2.0,0.0,17,16.0,6.0,2.0,20,0.0,0.0,0.0,20,0.0,0.0,0.0,0,0.0,0.0,0.0,6,3,0,1,9,1,0,0,3,5,0,2,2,8,0,0,0,10,0,0,6,6.0,4.0,2.0,6,6.0,3.0,1.0,6,6.0,2.0,1.0,true,true,true,true,6,6.0,2.0,1.0,6,6.0,2.0,2.0,6,2.0,0.0,0.0,6,6.0,2.0,3.0,6,6.0,2.0,4.0,41.314,18.16,7.264,1.362,21.8,29.430000000000003,9.81,3.2700000000000005,54.480000000000004,54.480000000000004,24.97,11.35,54.480000000000004,45.4,13.620000000000001,20.43,172.074,147.47,55.664,36.412
0,69808261911a7a9bd10cd048,25,Man,College,Arabic,English,n/a,n/a,no,BLP,20,16.0,,,13,14.0,,,20,20.0,,,20,14.0,,,20,14.0,,,20,16.0,,,9,1,,,9,1,,,6,4,,,8,2,,,5,5,,,6,6.0,,,6,6.0,,,6,6.0,,,true,true,,,6,6.0,,,6,6.0,,,6,6.0,,,6,6.0,,,6,6.0,,,51.302,42.676,0.0,0.0,40.330000000000005,14.170000000000002,0.0,0.0,54.480000000000004,54.480000000000004,0.0,0.0,54.480000000000004,54.480000000000004,0.0,0.0,200.59200000000004,165.806,0.0,0.0
0,6980899c7847724b431b38ac,24,Man,Masters,Arabic,English,n/a,n/a,no,BLP,20,13.0,,,20,4.0,,,20,14.0,,,20,7.0,,,20,2.0,,,20,6.0,,,8,2,,,9,1,,,7,3,,,7,3,,,5,5,,,6,4.0,,,6,6.0,,,6,6.0,,,true,true,,,6,6.0,,,6,5.0,,,6,4.0,,,6,6.0,,,6,6.0,,,54.480000000000004,20.884,0.0,0.0,39.24,15.260000000000002,0.0,0.0,54.480000000000004,49.94,0.0,0.0,54.480000000000004,47.67,0.0,0.0,202.68,133.75400000000002,0.0,0.0
0,698093a6ccef1114e376cfe5,25,Woman,PlusCollege,English,Telugu,Hindi,N/A,No,BLP,10,20.0,10.0,,5,20.0,3.0,,15,3.0,10.0,,0,20.0,20.0,,0,20.0,0.0,,4,0.0,0.0,,3,7,0,,1,9,0,,8,1,1,,7,3,0,,9,1,0,,5,6.0,2.0,,6,6.0,3.0,,6,6.0,3.0,,true,true,true,,6,6.0,6.0,,6,5.0,0.0,,1,6.0,2.0,,5,4.0,3.0,,3,3.0,3.0,,15.436,37.682,19.522000000000002,0.0,30.520000000000003,22.89,2.18,0.0,52.21,54.480000000000004,31.78,0.0,34.05,40.86,18.16,0.0,132.216,155.912,71.642,0.0
0,6980962a67c3b3ba8cb2836a,21,Man,College,Arabic,English,Spanish,n/a,No,BLP,20,15.0,2.0,,17,6.0,0.0,,19,20.0,2.0,,20,20.0,0.0,,20,20.0,0.0,,20,20.0,0.0,,8,2,0,,9,1,0,,8,2,0,,9,1,0,,5,4,1,,6,4.0,1.0,,6,5.0,1.0,,6,6.0,1.0,,true,true,true,,6,3.0,1.0,,6,5.0,2.0,,6,3.0,1.0,,6,6.0,2.0,,6,6.0,3.0,,52.664,45.854,1.816,0.0,42.510000000000005,10.9,10.9,0.0,54.480000000000004,40.86,9.08,0.0,54.480000000000004,45.4,18.16,0.0,204.13400000000001,143.014,39.956,0.0
0,69809b4956d7129d4b119b43,24,Man,College,Arabic,English,n/a,n/a,no,BLP,20,15.0,,,20,14.0,,,16,19.0,,,20,19.0,,,20,19.0,,,1,1.0,,,9,1,,,9,1,,,2,8,,,7,3,,,7,3,,,6,6.0,,,6,6.0,,,6,6.0,,,true,true,,,6,6.0,,,6,6.0,,,6,3.0,,,6,5.0,,,6,5.0,,,44.038000000000004,39.498000000000005,0.0,0.0,37.06,17.44,0.0,0.0,54.480000000000004,54.480000000000004,0.0,0.0,54.480000000000004,43.13,0.0,0.0,190.05800000000005,154.548,0.0,0.0
0,69809e035896ef246cbc2922,20,Man,MinusCollege,Arabic,English,French,n/a,no,BLP,20,12.0,15.0,,20,8.0,9.0,,14,12.0,14.0,,20,0.0,20.0,,20,0.0,20.0,,0,0.0,2.0,,3,7,0,,7,2,1,,3,2,5,,5,5,0,,3,5,2,,6,6.0,3.0,,6,6.0,5.0,,6,6.0,5.0,,true,true,true,,5,6.0,3.0,,6,6.0,2.0,,6,4.0,2.0,,6,6.0,3.0,,6,6.0,2.0,,42.676,14.528,36.32,0.0,22.89,22.89,15.260000000000002,0.0,52.21,54.480000000000004,36.32,0.0,54.480000000000004,49.94,20.43,0.0,172.25600000000003,141.838,108.33000000000001,0.0
0,6980a4f0faef0e53cdfb97a7,22,Man,PlusCollege,arabic,english,french,n/a,no,BLP,20,6.0,17.0,,20,3.0,0.0,,20,6.0,20.0,,20,0.0,12.0,,20,0.0,0.0,,20,0.0,6.0,,8,1,1,,9,0,1,,6,0,4,,8,2,0,,9,0,1,,6,5.0,3.0,,6,5.0,4.0,,6,6.0,6.0,,true,true,true,,6,6.0,6.0,,6,2.0,4.0,,6,2.0,4.0,,6,4.0,6.0,,6,4.0,5.0,,54.480000000000004,6.8100000000000005,24.970000000000002,0.0,43.6,3.2700000000000005,16.35,0.0,54.480000000000004,49.94,43.13,0.0,54.480000000000004,27.240000000000002,43.13,0.0,207.04000000000002,87.25999999999999,127.58000000000001,0.0
0,6980a7096eb2c15732813632,23,Man,College,arabic,english,russian,n/a,no,BLP,20,15.0,2.0,,20,1.0,0.0,,18,20.0,1.0,,20,5.0,0.0,,20,0.0,0.0,,20,5.0,0.0,,9,1,0,,10,0,0,,6,4,0,,7,3,0,,5,5,0,,6,4.0,1.0,,6,6.0,1.0,,6,6.0,1.0,,true,true,true,,6,4.0,1.0,,6,6.0,3.0,,6,3.0,0.0,,6,6.0,2.0,,6,6.0,3.0,,53.572,20.884,1.362,0.0,40.330000000000005,14.170000000000002,10.9,0.0,54.480000000000004,45.4,9.08,0.0,54.480000000000004,47.67,18.16,0.0,202.86200000000002,128.12400000000002,39.501999999999995,0.0
0,6980b37761737090ad122e6f,25,Man,College,Arabic,English,n/a,n/a,n/a,BLP,20,14.0,,,20,8.0,,,14,8.0,,,20,0.0,,,20,0.0,,,10,5.0,,,8,2,,,10,0,,,8,2,,,10,0,,,5,5,,,6,5.0,,,6,6.0,,,6,5.0,,,true,true,,,6,5.0,,,6,4.0,,,6,4.0,,,6,3.0,,,6,6.0,,,47.216,15.89,0.0,0.0,44.690000000000005,9.81,0.0,0.0,54.480000000000004,47.67,0.0,0.0,54.480000000000004,38.59,0.0,0.0,200.86600000000004,111.96000000000001,0.0,0.0
0,6980b64569f487effa4069a3,18,Man,HighSchool,Arabic,English,n/a,n/a,n/a,BLP,20,15.0,,,20,4.0,,,14,15.0,,,18,0.0,,,18,0.0,,,18,0.0,,,7,3,,,9,1,,,2,8,,,3,7,,,1,9,,,6,6.0,,,6,6.0,,,6,6.0,,,true,true,,,6,5.0,,,6,6.0,,,6,0.0,,,6,6.0,,,6,6.0,,,49.032000000000004,15.436,0.0,0.0,23.98,30.520000000000003,0.0,0.0,54.480000000000004,52.21,0.0,0.0,54.480000000000004,40.86,0.0,0.0,181.972,139.026,0.0,0.0
0,6980b660de828c2f1a83d72f,21,Man,MinusCollege,Arabic,English,"""n/a""","""n/a""","""n/a""",BLP,20,14.0,,,20,8.0,,,20,20.0,,,20,5.0,,,20,5.0,,,20,5.0,,,7,3,,,8,2,,,5,5,,,7,3,,,4,6,,,6,5.0,,,6,5.0,,,6,5.0,,,true,true,,,6,4.0,,,6,6.0,,,6,4.0,,,6,5.0,,,6,6.0,,,54.480000000000004,25.878,0.0,0.0,33.79,20.71,0.0,0.0,54.480000000000004,43.13,0.0,0.0,54.480000000000004,47.67,0.0,0.0,197.23000000000002,137.388,0.0,0.0
0,6980b7b8619ca8828b86f21b,20,Woman,College,Arabic,English,n/a,n/a,no,BLP,20,16.0,,,20,12.0,,,20,16.0,,,20,0.0,,,20,9.0,,,0,1.0,,,9,1,,,7,3,,,4,6,,,7,3,,,9,1,,,6,5.0,,,6,4.0,,,6,6.0,,,true,true,,,6,5.0,,,6,4.0,,,6,4.0,,,6,4.0,,,6,4.0,,,45.4,24.516000000000002,0.0,0.0,39.24,15.260000000000002,0.0,0.0,54.480000000000004,45.4,0.0,0.0,54.480000000000004,36.32,0.0,0.0,193.60000000000002,121.49600000000001,0.0,0.0
0,6980b8dbf12d0bde4727635e,25,Woman,College,Arabic,English,French,Spanish,No,BLP,20,14.0,5.0,0.0,20,10.0,1.0,0.0,16,16.0,6.0,3.0,20,2.0,1.0,1.0,20,1.0,1.0,1.0,3,3.0,0.0,0.0,9,1,0,0,10,0,0,0,7,1,1,1,6,2,1,1,7,1,1,1,6,6.0,4.0,2.0,6,6.0,2.0,2.0,6,6.0,2.0,2.0,true,true,true,true,6,6.0,1.0,1.0,6,6.0,4.0,4.0,6,6.0,2.0,2.0,6,6.0,6.0,6.0,6,6.0,6.0,6.0,44.946,20.884,6.356,2.27,42.510000000000005,5.45,14.170000000000002,3.2700000000000005,54.480000000000004,54.480000000000004,20.43,15.89,54.480000000000004,54.480000000000004,40.86,40.86,196.416,135.294,81.816,62.29
0,6980bc0b357eb9d91de4a0e9,21,Man,MinusCollege,Arabic,Englisg,n/a,n/a,no,BLP,20,15.0,,,20,5.0,,,20,15.0,,,20,20.0,,,20,20.0,,,20,20.0,,,8,2,,,7,3,,,6,4,,,5,5,,,6,4,,,6,6.0,,,6,6.0,,,6,6.0,,,true,true,,,6,6.0,,,6,6.0,,,6,4.0,,,6,6.0,,,6,5.0,,,54.480000000000004,43.13,0.0,0.0,34.88,19.62,0.0,0.0,54.480000000000004,54.480000000000004,0.0,0.0,54.480000000000004,47.67,0.0,0.0,198.32000000000005,164.9,0.0,0.0
0,6980bff5e4be64da2d6c8914,21,Man,MinusCollege,Arabic,English,n/a,n/a,no,BLP,20,13.0,,,20,7.0,,,12,14.0,,,20,0.0,,,20,0.0,,,6,3.0,,,8,2,,,10,0,,,6,4,,,9,1,,,9,1,,,6,4.0,,,6,6.0,,,6,6.0,,,true,true,,,6,6.0,,,6,5.0,,,6,5.0,,,6,5.0,,,6,3.0,,,44.492000000000004,16.798000000000002,0.0,0.0,45.78,8.72,0.0,0.0,54.480000000000004,49.94,0.0,0.0,54.480000000000004,40.86,0.0,0.0,199.23200000000003,116.318,0.0,0.0
0,6980c16f9985e39f6bcbbe3a,22,Man,HighSchool,Arabic,English,German,n/a,n/a,BLP,20,20.0,1.0,,20,20.0,0.0,,12,12.0,3.0,,20,3.0,0.0,,20,20.0,0.0,,4,4.0,1.0,,6,3,1,,10,0,0,,5,4,1,,10,0,0,,0,9,1,,6,6.0,2.0,,6,6.0,3.0,,6,6.0,4.0,,true,true,true,,6,6.0,2.0,,6,6.0,2.0,,6,0.0,0.0,,6,6.0,4.0,,6,6.0,6.0,,43.584,35.866,2.27,0.0,33.79,17.44,14.170000000000002,0.0,54.480000000000004,54.480000000000004,24.97,0.0,54.480000000000004,40.86,27.240000000000002,0.0,186.334,148.64600000000002,68.65,0.0
0,6980c5902273a0acf918ced1,25,Man,College,Arabic,English,N/A,N/A,No,BLP,20,16.0,,,20,10.0,,,20,20.0,,,20,20.0,,,20,20.0,,,20,20.0,,,9,1,,,9,1,,,6,4,,,8,2,,,5,5,,,6,6.0,,,6,6.0,,,6,6.0,,,true,true,,,6,6.0,,,6,6.0,,,6,6.0,,,6,6.0,,,6,6.0,,,54.480000000000004,48.124,0.0,0.0,40.330000000000005,14.170000000000002,0.0,0.0,54.480000000000004,54.480000000000004,0.0,0.0,54.480000000000004,54.480000000000004,0.0,0.0,203.77000000000004,171.25400000000002,0.0,0.0
0,6980d349ae34723f48ea7a3d,25,Man,College,arabic,english,n/a,n/a,n/a,BLP,19,15.0,,,17,5.0,,,15,15.0,,,20,4.0,,,20,0.0,,,3,3.0,,,8,2,,,10,0,,,6,4,,,10,0,,,5,5,,,6,6.0,,,6,6.0,,,6,6.0,,,true,true,,,6,4.0,,,6,5.0,,,6,0.0,,,6,6.0,,,6,0.0,,,42.676,19.068,0.0,0.0,42.510000000000005,11.99,0.0,0.0,54.480000000000004,49.94,0.0,0.0,54.480000000000004,24.97,0.0,0.0,194.14600000000002,105.96799999999999,0.0,0.0
0,6980dcc1fee5670e573354f1,22,Man,HighSchool,Arabic,English,n/a,n/a,no,BLP,20,14.0,,,20,8.0,,,20,16.0,,,20,0.0,,,20,0.0,,,20,4.0,,,10,0,,,10,0,,,4,6,,,5,5,,,1,9,,,6,6.0,,,6,6.0,,,6,6.0,,,true,true,,,6,6.0,,,6,6.0,,,6,6.0,,,6,6.0,,,6,6.0,,,54.480000000000004,19.068,0.0,0.0,32.7,21.8,0.0,0.0,54.480000000000004,54.480000000000004,0.0,0.0,54.480000000000004,54.480000000000004,0.0,0.0,196.14000000000004,149.82800000000003,0.0,0.0
0,6981128082d28d2191154253,22,Man,College,Arabic,English,n/a,n/a,n/a,BLP,20,12.0,,,13,2.0,,,15,20.0,,,20,20.0,,,20,20.0,,,3,3.0,,,7,3,,,10,0,,,7,3,,,9,1,,,9,1,,,6,6.0,,,6,6.0,,,6,6.0,,,true,true,,,6,6.0,,,6,6.0,,,6,6.0,,,6,6.0,,,6,6.0,,,41.314,34.958,0.0,0.0,45.78,8.72,0.0,0.0,54.480000000000004,54.480000000000004,0.0,0.0,54.480000000000004,54.480000000000004,0.0,0.0,196.05400000000003,152.638,0.0,0.0
0,698119def2a23d22dac3df09,25,Man,College,Arabic,English,French,n/a,no,BLP,20,16.0,10.0,,20,13.0,6.0,,14,14.0,8.0,,20,1.0,0.0,,20,20.0,0.0,,5,5.0,0.0,,8,2,0,,9,1,0,,8,2,0,,7,3,0,,5,5,0,,6,5.0,2.0,,6,6.0,2.0,,6,6.0,1.0,,true,true,true,,6,6.0,1.0,,6,6.0,3.0,,6,5.0,0.0,,6,6.0,2.0,,6,6.0,0.0,,44.946,31.326,10.896,0.0,40.330000000000005,14.170000000000002,9.81,0.0,54.480000000000004,52.21,13.620000000000001,0.0,54.480000000000004,52.21,11.35,0.0,194.23600000000005,149.916,45.67600000000001,0.0
0,698138565bd9d4728a0a2e04,21,Man,MinusCollege,Arabic,English ,n/a,n/a,no,BLP,17,12.0,,,15,7.0,,,15,12.0,,,20,0.0,,,20,0.0,,,20,2.0,,,10,0,,,10,0,,,7,3,,,8,2,,,7,3,,,6,5.0,,,6,6.0,,,6,6.0,,,true,true,,,6,6.0,,,6,6.0,,,6,5.0,,,6,3.0,,,6,6.0,,,48.578,14.982000000000001,0.0,0.0,45.78,8.72,0.0,0.0,54.480000000000004,52.21,0.0,0.0,54.480000000000004,45.4,0.0,0.0,203.31800000000004,121.31200000000001,0.0,0.0
0,6981e24e62bb6fd0037109e5,25,Man,College,Arabic,English,na,na,na,BLP,20,4.0,,,20,0.0,,,16,5.0,,,20,0.0,,,20,0.0,,,20,0.0,,,8,2,,,10,0,,,9,1,,,10,0,,,8,2,,,6,3.0,,,6,2.0,,,6,4.0,,,true,true,,,6,4.0,,,6,3.0,,,6,0.0,,,6,3.0,,,6,2.0,,,52.664,4.086,0.0,0.0,49.050000000000004,5.45,0.0,0.0,54.480000000000004,29.51,0.0,0.0,54.480000000000004,18.16,0.0,0.0,210.67400000000004,57.206,0.0,0.0
0,6981ec61b00cbb326f2382a2,25,Woman,PlusCollege,Arabic,English,French,n/a,no,BLP,20,7.0,14.0,,20,4.0,6.0,,18,5.0,12.0,,20,0.0,20.0,,20,0.0,0.0,,3,3.0,1.0,,8,2,0,,10,0,0,,6,1,3,,5,5,0,,6,4,0,,6,5.0,3.0,,6,6.0,5.0,,6,6.0,6.0,,true,true,true,,5,5.0,3.0,,6,6.0,0.0,,6,0.0,5.0,,6,6.0,3.0,,6,5.0,0.0,,45.854,8.626,24.062,0.0,38.150000000000006,13.080000000000002,14.170000000000002,0.0,52.21,49.94,38.59,0.0,54.480000000000004,38.59,18.16,0.0,190.69400000000002,110.236,94.982,0.0
0,6982228b60e61107ddfc0bd3,22,Woman,College,Português,Inglês,Espanhol,n/a,Inglês,BLP,20,7.0,7.0,,20,3.0,3.0,,20,10.0,10.0,,20,0.0,0.0,,20,0.0,0.0,,2,1.0,0.0,,7,2,1,,7,2,1,,7,2,1,,7,2,1,,7,2,1,,6,3.0,3.0,,6,4.0,4.0,,6,4.0,4.0,,true,true,true,,6,5.0,4.0,,6,3.0,3.0,,6,3.0,3.0,,6,2.0,2.0,,6,2.0,2.0,,46.308,9.534,9.08,0.0,38.150000000000006,10.9,11.99,0.0,54.480000000000004,36.32,34.05,0.0,54.480000000000004,22.7,22.7,0.0,193.418,79.45400000000001,77.82,0.0
0,69822b89bfde15d117539990,24,Man,College,SPANISH,ENGLISH,N/A,N/A,NO,BLP,20,10.0,,,20,5.0,,,20,15.0,,,20,18.0,,,20,16.0,,,20,2.0,,,9,1,,,10,0,,,4,6,,,9,1,,,8,2,,,6,6.0,,,6,6.0,,,6,6.0,,,true,true,,,6,5.0,,,6,4.0,,,6,3.0,,,6,6.0,,,4,3.0,,,54.480000000000004,29.964000000000002,0.0,0.0,43.6,10.9,0.0,0.0,54.480000000000004,52.21,0.0,0.0,49.94,36.32,0.0,0.0,202.5,129.394,0.0,0.0
0,698242aea446c3fc40454a2d,26,Woman,College,Arabic ,English ,n/a,n/a,no,BLP,20,12.0,,,20,20.0,,,20,20.0,,,20,20.0,,,20,20.0,,,20,10.0,,,6,4,,,7,3,,,5,5,,,5,5,,,5,5,,,6,6.0,,,6,6.0,,,6,6.0,,,true,true,,,6,6.0,,,6,6.0,,,6,6.0,,,6,5.0,,,6,5.0,,,54.480000000000004,46.308,0.0,0.0,30.520000000000003,23.98,0.0,0.0,54.480000000000004,54.480000000000004,0.0,0.0,54.480000000000004,49.94,0.0,0.0,193.96000000000004,174.708,0.0,0.0
0,69824df3026e0eff3dec0d0b,2,Man,College,Arabic,English,French,n/a,no,BLP,20,16.0,2.0,,20,20.0,0.0,,20,20.0,7.0,,20,20.0,7.0,,20,20.0,0.0,,20,20.0,3.0,,10,0,0,,10,0,0,,9,1,0,,9,1,0,,9,1,0,,6,5.0,1.0,,6,5.0,1.0,,6,5.0,1.0,,true,true,true,,6,6.0,2.0,,6,5.0,0.0,,6,5.0,0.0,,6,6.0,1.0,,6,6.0,1.0,,54.480000000000004,52.664,8.626,0.0,51.230000000000004,3.2700000000000005,10.9,0.0,54.480000000000004,47.67,11.35,0.0,54.480000000000004,49.94,4.54,0.0,214.67000000000002,153.544,35.416,0.0
0,69824e53e214c63c2afb2c53,21,Man,MinusCollege,Arabic,English,n/a,n/a,no,BLP,20,16.0,,,20,1.0,,,20,20.0,,,20,0.0,,,20,0.0,,,5,0.0,,,7,3,,,9,1,,,5,5,,,7,3,,,7,3,,,6,5.0,,,6,5.0,,,6,5.0,,,true,true,,,6,4.0,,,6,4.0,,,6,1.0,,,6,6.0,,,6,5.0,,,47.67,16.798000000000002,0.0,0.0,38.150000000000006,16.35,0.0,0.0,54.480000000000004,43.13,0.0,0.0,54.480000000000004,36.32,0.0,0.0,194.78000000000003,112.59800000000001,0.0,0.0
0,698255186a52f393404e26f7,24,Man,College,english,n/a,n/a,n/a,no,BLP,20,,,,20,,,,18,,,,20,,,,20,,,,10,,,,10,,,,10,,,,10,,,,10,,,,10,,,,6,,,,6,,,,6,,,,true,,,,6,,,,6,,,,5,,,,6,,,,6,,,,49.032000000000004,0.0,0.0,0.0,54.50000000000001,0.0,0.0,0.0,54.480000000000004,0.0,0.0,0.0,52.21,0.0,0.0,0.0,210.222,0.0,0.0,0.0
0,69826a6954465a13b14b2786,22,Man,PlusCollege,English,n/a,n/a,n/a,no,BLP,20,,,,14,,,,19,,,,20,,,,20,,,,1,,,,10,,,,10,,,,10,,,,10,,,,10,,,,6,,,,6,,,,6,,,,true,,,,6,,,,6,,,,6,,,,6,,,,0,,,,42.676,0.0,0.0,0.0,54.50000000000001,0.0,0.0,0.0,54.480000000000004,0.0,0.0,0.0,40.86,0.0,0.0,0.0,192.51600000000002,0.0,0.0,0.0
0,6982eb0cb5743c2857d1c8e0,23,Man,HighSchool,english,n/a,n/a,n/a,No,BLP,20,,,,20,,,,15,,,,20,,,,20,,,,6,,,,10,,,,10,,,,10,,,,10,,,,10,,,,6,,,,6,,,,6,,,,true,,,,6,,,,6,,,,6,,,,6,,,,6,,,,45.854,0.0,0.0,0.0,54.50000000000001,0.0,0.0,0.0,54.480000000000004,0.0,0.0,0.0,54.480000000000004,0.0,0.0,0.0,209.31400000000002,0.0,0.0,0.0
0,698351788833bcdaa3c391ce,21,Man,College,English,n/a,n/a,n/a,French,BLP,20,,,,20,,,,12,,,,20,,,,20,,,,20,,,,10,,,,10,,,,10,,,,10,,,,10,,,,6,,,,6,,,,6,,,,true,,,,6,,,,6,,,,6,,,,6,,,,6,,,,50.848,0.0,0.0,0.0,54.50000000000001,0.0,0.0,0.0,54.480000000000004,0.0,0.0,0.0,54.480000000000004,0.0,0.0,0.0,214.30800000000005,0.0,0.0,0.0
0,6983518f181a5c0bd8d4742c,24,Man,College,Arabic,English,n/a,n/a,no,BLP,20,20.0,,,20,20.0,,,5,10.0,,,20,20.0,,,20,20.0,,,20,6.0,,,7,3,,,9,1,,,5,5,,,8,2,,,5,5,,,6,6.0,,,6,6.0,,,6,6.0,,,true,true,,,6,6.0,,,6,6.0,,,6,6.0,,,6,6.0,,,6,6.0,,,47.67,43.584,0.0,0.0,37.06,17.44,0.0,0.0,54.480000000000004,54.480000000000004,0.0,0.0,54.480000000000004,54.480000000000004,0.0,0.0,193.69,169.984,0.0,0.0
0,69835a10b58c1a190110ab59,20,Man,MinusCollege,Arabic,English,n/a,n/a,No,BLP,20,15.0,,,20,6.0,,,13,14.0,,,20,0.0,,,20,0.0,,,6,0.0,,,9,1,,,10,0,,,7,3,,,6,4,,,5,5,,,5,4.0,,,6,6.0,,,6,6.0,,,true,true,,,5,3.0,,,5,5.0,,,5,5.0,,,6,6.0,,,6,6.0,,,44.946,15.89,0.0,0.0,40.330000000000005,14.170000000000002,0.0,0.0,49.94,43.13,0.0,0.0,49.94,49.94,0.0,0.0,185.156,123.13,0.0,0.0
0,69835b48d4c4c9a78668c0af,21,Woman,College,Arabic,English,French,Spanish,English and Spanish,BLP,20,15.0,9.0,6.0,20,14.0,8.0,5.0,15,12.0,5.0,6.0,20,1.0,0.0,0.0,20,1.0,0.0,0.0,20,12.0,1.0,1.0,4,4,1,1,9,1,0,0,3,3,1,3,3,3,1,3,2,3,2,3,6,6.0,4.0,5.0,6,6.0,5.0,5.0,6,6.0,4.0,4.0,true,true,true,true,6,6.0,6.0,6.0,6,6.0,6.0,6.0,6,0.0,0.0,0.0,6,5.0,2.0,2.0,6,6.0,6.0,6.0,52.21,24.970000000000002,10.442,8.172,22.89,15.260000000000002,15.260000000000002,10.9,54.480000000000004,54.480000000000004,43.13,45.4,54.480000000000004,38.59,31.78,31.78,184.06,133.3,100.61200000000001,96.25200000000001
0,698362eea52b5dadb6f3197b,23,Man,College,Arabic,English ,Italian,n/a,no,BLP,20,14.0,7.0,,20,10.0,5.0,,18,20.0,3.0,,20,2.0,0.0,,20,0.0,0.0,,20,3.0,0.0,,8,2,0,,10,0,0,,5,5,0,,7,3,0,,5,4,1,,6,4.0,2.0,,6,5.0,2.0,,6,6.0,3.0,,true,true,true,,6,5.0,2.0,,6,5.0,3.0,,6,3.0,3.0,,6,4.0,1.0,,6,4.0,1.0,,53.572,22.246000000000002,6.8100000000000005,0.0,38.150000000000006,15.260000000000002,11.99,0.0,54.480000000000004,45.4,20.43,0.0,54.480000000000004,36.32,18.16,0.0,200.68200000000002,119.226,57.39,0.0
0,69839df6b3f83b9c02ac8234,24,Man,College,Hindi,English,n/a,n/a,Rajasthani,BLP,15,13.0,,,20,20.0,,,15,15.0,,,20,15.0,,,20,10.0,,,20,15.0,,,8,2,,,8,2,,,7,3,,,5,5,,,1,9,,,6,6.0,,,6,6.0,,,6,6.0,,,true,true,,,6,6.0,,,6,6.0,,,6,6.0,,,6,4.0,,,6,6.0,,,49.940000000000005,39.952,0.0,0.0,31.610000000000003,22.89,0.0,0.0,54.480000000000004,54.480000000000004,0.0,0.0,54.480000000000004,49.94,0.0,0.0,190.51000000000005,167.262,0.0,0.0
0,69839e45e8ca9d3863565d6d,21,Man,MinusCollege,Arabic,English,German,Spanish,N/A,BLP,20,16.0,2.0,2.0,20,14.0,1.0,1.0,20,18.0,4.0,2.0,20,20.0,0.0,0.0,20,0.0,0.0,0.0,20,3.0,0.0,0.0,8,2,0,0,9,1,0,0,6,2,2,0,8,2,0,0,9,1,0,0,6,5.0,2.0,2.0,6,5.0,2.0,2.0,6,6.0,2.0,2.0,true,true,true,true,6,5.0,1.0,1.0,6,6.0,1.0,1.0,6,3.0,0.0,0.0,6,6.0,3.0,3.0,6,6.0,2.0,2.0,54.480000000000004,32.234,3.178,2.27,43.6,8.72,11.99,0.0,54.480000000000004,47.67,15.89,15.89,54.480000000000004,47.67,13.620000000000001,13.620000000000001,207.04000000000002,136.29399999999998,44.678,31.78
0,6983ab405a31650a9c36d9f8,19,Woman,MinusCollege,Catalan,Spanish,English,n/a,No,BLP,20,15.0,17.0,,20,6.0,14.0,,11,11.0,14.0,,19,19.0,0.0,,19,19.0,0.0,,3,3.0,5.0,,8,1,1,,10,0,0,,6,4,0,,5,0,5,,10,0,0,,6,5.0,5.0,,6,6.0,6.0,,6,6.0,6.0,,true,true,true,,6,6.0,5.0,,6,1.0,4.0,,6,0.0,0.0,,6,0.0,6.0,,6,0.0,6.0,,41.768,33.142,22.7,0.0,42.510000000000005,5.45,17.44,0.0,54.480000000000004,52.21,49.94,0.0,54.480000000000004,2.27,36.32,0.0,193.238,93.072,126.4,0.0
0,6984ab8a88a32e8274e0351b,22,Man,PlusCollege,Arabic,English,n/a,n/a,n/a,BLP,20,12.0,,,20,8.0,,,20,13.0,,,20,1.0,,,20,20.0,,,20,10.0,,,7,3,,,9,1,,,3,7,,,7,3,,,6,4,,,6,4.0,,,6,6.0,,,6,5.0,,,true,true,,,6,4.0,,,6,5.0,,,6,3.0,,,6,2.0,,,6,6.0,,,54.480000000000004,29.056,0.0,0.0,34.88,19.62,0.0,0.0,54.480000000000004,43.13,0.0,0.0,54.480000000000004,36.32,0.0,0.0,198.32000000000005,128.126,0.0,0.0
0,6984b22b8b8f99c86194ce62,18,Man,HighSchool,spanish,inglish,N/A,n/a,N/A,BLP,20,9.0,,,20,7.0,,,13,6.0,,,18,0.0,,,18,0.0,,,2,0.0,,,7,3,,,9,1,,,7,3,,,3,7,,,9,1,,,6,4.0,,,6,5.0,,,6,5.0,,,true,true,,,6,3.0,,,6,5.0,,,6,3.0,,,6,6.0,,,6,2.0,,,41.314,9.988,0.0,0.0,38.150000000000006,16.35,0.0,0.0,54.480000000000004,38.59,0.0,0.0,54.480000000000004,36.32,0.0,0.0,188.42400000000004,101.24799999999999,0.0,0.0
0,6984b8a7eadad5d5bd8e12cf,24,Woman,PlusCollege,Spanish,catalan,english,n/a,n/a,BLP,20,20.0,16.0,,20,20.0,8.0,,18,18.0,14.0,,20,20.0,0.0,,20,20.0,0.0,,20,20.0,0.0,,6,4,0,,6,4,0,,7,3,0,,8,1,1,,2,8,0,,6,6.0,4.0,,6,6.0,5.0,,6,6.0,6.0,,true,true,true,,6,6.0,4.0,,6,6.0,2.0,,6,6.0,2.0,,6,6.0,3.0,,6,6.0,4.0,,53.572,53.572,17.252,0.0,31.610000000000003,21.8,7.630000000000001,0.0,54.480000000000004,54.480000000000004,43.13,0.0,54.480000000000004,54.480000000000004,24.97,0.0,194.142,184.332,92.982,0.0
0,6984c939f133acffbbd3b36a,20,Man,HighSchool,Arabic,English,n/a,n/a,n/a,BLP,20,14.0,,,20,5.0,,,14,14.0,,,20,0.0,,,20,0.0,,,1,1.0,,,9,1,,,10,0,,,5,5,,,8,2,,,10,0,,,6,4.0,,,6,5.0,,,6,5.0,,,true,true,,,6,4.0,,,6,4.0,,,6,3.0,,,3,6.0,,,3,6.0,,,43.13,15.436,0.0,0.0,45.78,8.72,0.0,0.0,54.480000000000004,40.86,0.0,0.0,40.86,43.13,0.0,0.0,184.25,108.14599999999999,0.0,0.0
0,6984df69583cf5f1ae4f9490,24,Man,MinusCollege,Spanish,English,Portuguese,n/a,no,BLP,16,6.0,20.0,,20,2.0,0.0,,12,12.0,0.0,,20,0.0,4.0,,20,0.0,20.0,,20,0.0,0.0,,10,0,0,,9,0,1,,9,1,0,,4,6,0,,3,7,0,,6,3.0,3.0,,6,6.0,6.0,,6,6.0,4.0,,true,true,true,,6,6.0,1.0,,6,5.0,0.0,,6,4.0,2.0,,6,6.0,0.0,,6,6.0,0.0,,49.032000000000004,9.08,19.976,0.0,38.150000000000006,15.260000000000002,9.81,0.0,54.480000000000004,47.67,31.78,0.0,54.480000000000004,47.67,4.54,0.0,196.14200000000005,119.68,66.10600000000001,0.0
0,6985466b840079abc0ac75e9,20,Woman,HighSchool,Spanish,English,n/a,n/a,No,BLP,20,12.0,,,20,8.0,,,17,6.0,,,20,0.0,,,20,0.0,,,0,0.0,,,7,3,,,9,1,,,10,0,,,2,8,,,9,1,,,6,6.0,,,6,6.0,,,6,6.0,,,true,true,,,6,6.0,,,6,6.0,,,6,0.0,,,6,6.0,,,6,5.0,,,44.038000000000004,11.804,0.0,0.0,40.330000000000005,14.170000000000002,0.0,0.0,54.480000000000004,54.480000000000004,0.0,0.0,54.480000000000004,38.59,0.0,0.0,193.32800000000003,119.04400000000001,0.0,0.0
0,6985a1a2a9b075341a3e65b0,25,Man,College,Arabic,English,n/a,n/a,n/a,BLP,20,8.0,,,20,5.0,,,20,9.0,,,20,0.0,,,20,0.0,,,20,6.0,,,9,1,,,10,0,,,3,7,,,1,9,,,0,10,,,6,6.0,,,6,6.0,,,6,6.0,,,true,true,,,5,6.0,,,5,6.0,,,3,6.0,,,5,6.0,,,4,6.0,,,54.480000000000004,12.712,0.0,0.0,25.07,29.430000000000003,0.0,0.0,52.21,54.480000000000004,0.0,0.0,38.59,54.480000000000004,0.0,0.0,170.35000000000002,151.10200000000003,0.0,0.0
0,6985a6c2b7a13630aac31fc5,24,Woman,PlusCollege,Spanish,English,n/a,n/a,no,BLP,20,15.0,,,20,10.0,,,17,16.0,,,20,1.0,,,20,1.0,,,1,1.0,,,9,1,,,10,0,,,7,3,,,7,3,,,6,4,,,6,6.0,,,6,6.0,,,6,6.0,,,true,true,,,6,5.0,,,6,5.0,,,6,5.0,,,6,6.0,,,6,6.0,,,44.492000000000004,19.976,0.0,0.0,42.510000000000005,11.99,0.0,0.0,54.480000000000004,52.21,0.0,0.0,54.480000000000004,49.94,0.0,0.0,195.96200000000005,134.11599999999999,0.0,0.0
0,69863c0a716ec6381ad4d1fb,24,Man,PlusCollege,Arabic,English,French,n/a,n/a,BLP,20,14.0,6.0,,20,6.0,3.0,,19,16.0,4.0,,20,20.0,20.0,,20,20.0,20.0,,20,20.0,4.0,,9,1,0,,10,0,0,,5,5,0,,7,2,1,,8,1,1,,6,6.0,2.0,,6,6.0,2.0,,6,6.0,3.0,,true,true,true,,6,6.0,1.0,,6,6.0,6.0,,6,6.0,0.0,,6,6.0,1.0,,6,6.0,6.0,,54.026,43.584,25.878,0.0,42.510000000000005,9.81,13.080000000000002,0.0,54.480000000000004,54.480000000000004,18.16,0.0,54.480000000000004,54.480000000000004,29.51,0.0,205.49600000000004,162.354,86.628,0.0
0,69865b7be282f1756be7d697,23,Woman,College,Arabic,English,n/a,n/a,No,BLP,20,15.0,,,20,7.0,,,18,14.0,,,20,10.0,,,20,3.0,,,20,3.0,,,7,3,,,8,2,,,5,5,,,7,3,,,5,5,,,6,5.0,,,6,6.0,,,6,6.0,,,true,true,,,6,6.0,,,6,5.0,,,6,2.0,,,6,3.0,,,3,5.0,,,53.572,23.608,0.0,0.0,34.88,19.62,0.0,0.0,54.480000000000004,52.21,0.0,0.0,47.67,34.05,0.0,0.0,190.60200000000003,129.488,0.0,0.0
0,698725ce979bc4d4ea7c7373,21,Man,College,Spanish,English,n/a,n/a,Portuguese in short of ways,BLP,20,11.0,,,20,5.0,,,20,20.0,,,20,1.0,,,20,1.0,,,4,0.0,,,9,1,,,10,0,,,9,1,,,10,0,,,10,0,,,6,5.0,,,6,5.0,,,6,4.0,,,true,true,,,6,4.0,,,6,3.0,,,6,2.0,,,6,6.0,,,6,6.0,,,47.216,17.252,0.0,0.0,52.32000000000001,2.18,0.0,0.0,54.480000000000004,40.86,0.0,0.0,54.480000000000004,38.59,0.0,0.0,208.49600000000004,98.882,0.0,0.0
0,698732a17e9271820246153f,25,Man,College,arabic,English ,n/a,n/a,no,BLP,20,13.0,,,20,9.0,,,20,11.0,,,20,1.0,,,20,1.0,,,4,3.0,,,9,1,,,10,0,,,7,3,,,8,2,,,6,4,,,6,5.0,,,6,5.0,,,6,5.0,,,true,true,,,6,5.0,,,6,2.0,,,6,4.0,,,6,5.0,,,6,6.0,,,47.216,17.252,0.0,0.0,43.6,10.9,0.0,0.0,54.480000000000004,45.4,0.0,0.0,54.480000000000004,38.59,0.0,0.0,199.776,112.142,0.0,0.0
0,698734d0ecc42269dc0e75ac,21,Man,College,Portuguese,English,n/a,n/a,n/a,BLP,20,14.0,,,20,6.0,,,15,10.0,,,20,0.0,,,20,0.0,,,1,0.0,,,9,1,,,10,0,,,10,0,,,2,8,,,8,2,,,6,6.0,,,6,6.0,,,6,6.0,,,true,true,,,6,6.0,,,6,6.0,,,6,4.0,,,6,5.0,,,6,4.0,,,43.584,13.620000000000001,0.0,0.0,42.510000000000005,11.99,0.0,0.0,54.480000000000004,54.480000000000004,0.0,0.0,54.480000000000004,43.13,0.0,0.0,195.05400000000003,123.22,0.0,0.0
0,6989baec35fa286279b29ca5,19,Man,College,Arabic,English,French,N/A,N/A,BLP,20,20.0,7.0,,20,16.0,0.0,,8,13.0,4.0,,19,0.0,0.0,,19,19.0,0.0,,2,2.0,0.0,,6,4,0,,8,2,0,,4,6,0,,6,4,0,,5,5,0,,6,5.0,2.0,,6,5.0,3.0,,6,6.0,3.0,,true,true,true,,6,4.0,1.0,,6,6.0,0.0,,6,6.0,0.0,,6,6.0,0.0,,6,6.0,1.0,,39.952,31.78,4.994,0.0,31.610000000000003,22.89,8.72,0.0,54.480000000000004,45.4,20.43,0.0,54.480000000000004,54.480000000000004,2.27,0.0,180.522,154.55,36.414,0.0
0,6989bbea6334b622c22a53ee,21,Man,HighSchool,Spanish,English,n/a,n/a,No,BLP,20,13.0,,,20,4.0,,,16,12.0,,,20,0.0,,,20,0.0,,,20,0.0,,,9,1,,,10,0,,,10,0,,,8,2,,,9,1,,,6,3.0,,,6,4.0,,,6,5.0,,,true,true,,,6,4.0,,,6,4.0,,,6,0.0,,,6,6.0,,,6,2.0,,,52.664,13.166,0.0,0.0,50.14,4.36,0.0,0.0,54.480000000000004,36.32,0.0,0.0,54.480000000000004,27.240000000000002,0.0,0.0,211.764,81.08600000000001,0.0,0.0
0,6989bc7b28c71e3280a6e7f6,24,Man,PlusCollege,Arabic,English,French,German,No,BLP,20,16.0,5.0,5.0,20,10.0,2.0,2.0,20,20.0,3.0,3.0,20,1.0,0.0,0.0,20,1.0,0.0,0.0,20,4.0,1.0,1.0,7,3,0,0,10,0,0,0,2,6,1,1,9,1,0,0,9,1,0,0,6,5.0,1.0,1.0,6,6.0,3.0,2.0,6,6.0,3.0,1.0,true,true,true,true,6,5.0,2.0,1.0,6,5.0,1.0,1.0,6,4.0,1.0,1.0,6,5.0,2.0,2.0,6,6.0,4.0,4.0,54.480000000000004,23.608,4.994,4.994,40.330000000000005,11.99,11.99,1.09,54.480000000000004,49.94,20.43,11.35,54.480000000000004,45.4,18.16,18.16,203.77000000000004,130.938,55.574,35.593999999999994
0,6989bf21e63ddf302c08f8ee,26,Man,College,Arabic,English,German,n/a,No,BLP,20,15.0,4.0,,20,7.0,0.0,,12,12.0,5.0,,20,0.0,0.0,,20,0.0,0.0,,20,2.0,0.0,,9,1,0,,10,0,0,,8,2,0,,9,1,0,,9,1,0,,6,5.0,3.0,,6,6.0,3.0,,6,6.0,5.0,,true,true,true,,6,5.0,4.0,,6,3.0,1.0,,6,4.0,0.0,,6,6.0,6.0,,6,6.0,6.0,,50.848,16.344,4.086,0.0,49.050000000000004,5.45,10.9,0.0,54.480000000000004,49.94,34.05,0.0,54.480000000000004,43.13,29.51,0.0,208.858,114.864,78.546,0.0
0,6989c0c01b2e93d5d8f2e20a,22,Man,HighSchool,Arabic,English,German,n/a,n/a,BLP,20,15.0,0.0,,20,10.0,0.0,,13,17.0,1.0,,20,0.0,0.0,,20,0.0,0.0,,20,15.0,0.0,,6,3,1,,8,1,1,,6,4,0,,5,4,1,,4,5,1,,6,6.0,3.0,,6,6.0,3.0,,6,6.0,4.0,,true,true,true,,6,6.0,2.0,,6,5.0,3.0,,6,1.0,0.0,,3,6.0,6.0,,4,6.0,6.0,,51.302,25.878,0.454,0.0,31.610000000000003,18.53,11.99,0.0,54.480000000000004,54.480000000000004,27.240000000000002,0.0,43.13,40.86,34.05,0.0,180.522,139.748,73.73400000000001,0.0
0,6989c9427f6c4ffb769fad68,24,Man,College,Arabic ,English ,German ,french,no,BLP,20,13.0,5.0,5.0,20,5.0,0.0,0.0,20,16.0,3.0,3.0,20,0.0,0.0,0.0,20,20.0,0.0,0.0,5,1.0,0.0,0.0,9,1,0,0,8,2,0,0,7,2,1,0,8,1,1,0,7,2,1,0,6,5.0,2.0,1.0,6,5.0,2.0,1.0,6,6.0,2.0,1.0,true,true,true,true,6,5.0,2.0,1.0,6,6.0,2.0,1.0,6,5.0,0.0,0.0,6,6.0,0.0,0.0,6,6.0,0.0,0.0,47.67,24.970000000000002,3.632,3.632,42.510000000000005,8.72,11.99,0.0,54.480000000000004,47.67,18.16,9.08,54.480000000000004,52.21,4.54,2.27,199.14000000000004,133.57000000000002,38.321999999999996,14.982
0,6989da604f75e4c44ffefa17,23,Man,PlusCollege,Arabic,English ,n/a,n/a,no,BLP,20,17.0,,,20,9.0,,,11,16.0,,,20,0.0,,,20,9.0,,,3,1.0,,,8,2,,,7,3,,,3,7,,,5,5,,,2,8,,,6,6.0,,,6,6.0,,,4,6.0,,,true,true,,,1,5.0,,,4,3.0,,,6,4.0,,,6,6.0,,,4,6.0,,,42.676,23.608,0.0,0.0,27.250000000000004,27.250000000000004,0.0,0.0,38.59,52.21,0.0,0.0,45.4,43.13,0.0,0.0,153.916,146.198,0.0,0.0
0,6989de5cb788d8dfc4a2641e,24,Man,College,Arabic,English,n/a,n/a,no,BLP,20,16.0,,,20,14.0,,,20,20.0,,,20,2.0,,,20,20.0,,,20,20.0,,,8,2,,,9,1,,,7,3,,,6,4,,,7,3,,,6,6.0,,,6,6.0,,,6,6.0,,,true,true,,,6,6.0,,,6,5.0,,,6,0.0,,,6,5.0,,,6,6.0,,,54.480000000000004,41.768,0.0,0.0,40.330000000000005,14.170000000000002,0.0,0.0,54.480000000000004,54.480000000000004,0.0,0.0,54.480000000000004,36.32,0.0,0.0,203.77000000000004,146.738,0.0,0.0
0,6989f4760694ce91b5bc35f7,24,Man,College,Arabic,English,French,N/A,NO,BLP,20,16.0,7.0,,20,16.0,6.0,,20,20.0,8.0,,20,3.0,0.0,,20,20.0,0.0,,20,5.0,0.0,,8,2,0,,9,1,0,,5,5,0,,8,2,0,,8,2,0,,6,6.0,2.0,,6,6.0,3.0,,6,6.0,3.0,,true,true,true,,6,6.0,3.0,,6,6.0,2.0,,6,6.0,2.0,,6,6.0,3.0,,6,6.0,2.0,,54.480000000000004,36.32,9.534,0.0,41.42,13.080000000000002,9.81,0.0,54.480000000000004,54.480000000000004,24.97,0.0,54.480000000000004,54.480000000000004,20.43,0.0,204.86,158.36,64.744,0.0
0,698a196b6438a03eb3cce8f3,21,Woman,HighSchool,Arabic,English,n/a,n/a,n/a,BLP,20,15.0,,,17,5.0,,,15,14.0,,,20,0.0,,,20,0.0,,,3,1.0,,,9,1,,,9,1,,,8,2,,,9,1,,,7,3,,,6,5.0,,,6,5.0,,,6,6.0,,,true,true,,,6,6.0,,,6,4.0,,,6,3.0,,,6,4.0,,,6,5.0,,,43.13,15.89,0.0,0.0,45.78,8.72,0.0,0.0,54.480000000000004,49.94,0.0,0.0,54.480000000000004,36.32,0.0,0.0,197.87,110.87,0.0,0.0
0,698a1dffe0d91dbe2dde8ab7,24,Man,College,Arabic,English,N/A,N/A,No,BLP,20,14.0,,,20,9.0,,,18,17.0,,,20,8.0,,,20,6.0,,,16,6.0,,,8,2,,,9,1,,,5,5,,,8,2,,,6,4,,,6,5.0,,,6,6.0,,,6,6.0,,,true,true,,,6,4.0,,,6,6.0,,,6,2.0,,,6,6.0,,,6,6.0,,,51.756,27.240000000000002,0.0,0.0,39.24,15.260000000000002,0.0,0.0,54.480000000000004,47.67,0.0,0.0,54.480000000000004,45.4,0.0,0.0,199.95600000000002,135.57,0.0,0.0
0,698a4bd40711b1611e7f96ca,21,Man,PlusCollege,Arabic,Engilsh,N/A,N/A,N/A,BLP,20,17.0,,,15,15.0,,,15,15.0,,,20,5.0,,,20,20.0,,,4,4.0,,,5,5,,,5,5,,,5,5,,,8,2,,,5,5,,,6,5.0,,,6,6.0,,,6,6.0,,,true,true,,,6,6.0,,,6,6.0,,,6,6.0,,,6,6.0,,,6,6.0,,,42.676,34.504,0.0,0.0,30.520000000000003,23.98,0.0,0.0,54.480000000000004,52.21,0.0,0.0,54.480000000000004,54.480000000000004,0.0,0.0,182.156,165.17399999999998,0.0,0.0
0,698b4e2840974dba43e185e8,24,Man,HighSchool,arabic,french,english,n/a,n/a,BLP,20,15.0,15.0,,20,20.0,20.0,,0,5.0,5.0,,20,0.0,0.0,,20,20.0,20.0,,20,16.0,20.0,,7,0,3,,8,0,2,,3,0,7,,5,3,2,,7,1,2,,6,6.0,5.0,,6,6.0,6.0,,6,6.0,6.0,,true,true,true,,6,3.0,5.0,,6,6.0,6.0,,6,2.0,3.0,,6,5.0,5.0,,6,6.0,6.0,,45.4,34.504,36.32,0.0,32.7,4.36,23.98,0.0,54.480000000000004,47.67,49.94,0.0,54.480000000000004,43.13,45.4,0.0,187.06,129.664,155.64,0.0
0,698b57a46bf6a0eee98c0c04,21,Woman,MinusCollege,Arabic,English,French,n/a,No,BLP,0,5.0,17.0,,20,9.0,19.0,,20,15.0,3.0,,20,0.0,0.0,,20,0.0,0.0,,20,1.0,0.0,,7,2,1,,9,1,0,,6,3,1,,4,5,1,,3,6,1,,6,5.0,3.0,,6,5.0,2.0,,6,6.0,4.0,,true,true,true,,6,6.0,5.0,,6,6.0,4.0,,6,1.0,0.0,,6,3.0,2.0,,6,5.0,3.0,,45.4,13.620000000000001,17.706,0.0,31.610000000000003,18.53,14.170000000000002,0.0,54.480000000000004,49.94,31.78,0.0,54.480000000000004,34.05,20.43,0.0,185.97000000000003,116.14,84.08600000000001,0.0
0,698cb68a1093d20f7c6087b7,25,Man,PlusCollege,Arabic,English,Germany,n/a,No,BLP,20,15.0,8.0,,20,13.0,5.0,,20,15.0,5.0,,20,2.0,1.0,,20,0.0,0.0,,3,2.0,0.0,,10,0,0,,10,0,0,,6,4,0,,5,4,1,,4,5,1,,6,5.0,4.0,,6,5.0,3.0,,6,5.0,4.0,,true,true,true,,6,5.0,3.0,,6,6.0,4.0,,6,4.0,2.0,,6,6.0,3.0,,6,6.0,6.0,,46.762,21.338,8.626,0.0,38.150000000000006,14.170000000000002,13.080000000000002,0.0,54.480000000000004,45.4,31.78,0.0,54.480000000000004,49.94,34.05,0.0,193.872,130.848,87.536,0.0
0,698d1d8ff61786b4c5785a1c,22,Man,College,Spanish,English,n/a,n/a,No,BLP,20,5.0,,,20,0.0,,,12,20.0,,,20,1.0,,,20,1.0,,,20,1.0,,,7,3,,,10,0,,,7,3,,,6,4,,,8,2,,,6,5.0,,,6,6.0,,,6,5.0,,,true,true,,,6,5.0,,,6,5.0,,,6,1.0,,,6,6.0,,,6,6.0,,,50.848,12.712,0.0,0.0,41.42,13.080000000000002,0.0,0.0,54.480000000000004,47.67,0.0,0.0,54.480000000000004,40.86,0.0,0.0,201.228,114.322,0.0,0.0
0,698dd411bc2ef10a72a75749,25,Man,College,Arabic,Englis,Germany,n/a,n/a,BLP,20,13.0,1.0,,20,2.0,0.0,,16,5.0,0.0,,20,0.0,0.0,,20,0.0,0.0,,3,0.0,0.0,,7,2,1,,10,0,0,,10,0,0,,7,1,2,,10,0,0,,6,5.0,2.0,,6,5.0,3.0,,6,6.0,4.0,,true,true,true,,6,6.0,2.0,,6,6.0,6.0,,6,5.0,3.0,,6,6.0,4.0,,6,5.0,6.0,,44.946,9.08,0.454,0.0,47.96,3.2700000000000005,14.170000000000002,0.0,54.480000000000004,49.94,24.97,0.0,54.480000000000004,49.94,43.13,0.0,201.86600000000004,112.22999999999999,82.724,0.0
0,698df4a194fabefa716596ec,19,Man,MinusHighSchool,English,n/a,n/a,n/a,no,BLP,10,,,,8,,,,15,,,,7,,,,2,,,,6,,,,10,,,,10,,,,10,,,,10,,,,10,,,,6,,,,6,,,,6,,,,true,,,,6,,,,6,,,,6,,,,6,,,,6,,,,21.792,0.0,0.0,0.0,54.50000000000001,0.0,0.0,0.0,54.480000000000004,0.0,0.0,0.0,54.480000000000004,0.0,0.0,0.0,185.252,0.0,0.0,0.0
0,698f277e7eb87d0f843d6bf7,20,Man,MinusCollege,Arabic,English,n/a,n/a,No,BLP,20,16.0,,,20,2.0,,,12,13.0,,,20,0.0,,,20,0.0,,,1,1.0,,,8,2,,,9,1,,,4,6,,,8,2,,,3,7,,,6,4.0,,,6,5.0,,,6,6.0,,,true,true,,,5,3.0,,,6,6.0,,,5,4.0,,,6,6.0,,,6,6.0,,,42.222,14.528,0.0,0.0,34.88,19.62,0.0,0.0,52.21,40.86,0.0,0.0,52.21,49.94,0.0,0.0,181.52200000000002,124.94800000000001,0.0,0.0
0,69907667f821728d219ce06d,18,Woman,HighSchool,arabic,english,french,n/a,no,BLP,20,15.0,15.0,,20,20.0,20.0,,12,12.0,12.0,,18,2.0,0.0,,18,18.0,18.0,,18,18.0,18.0,,7,2,1,,7,3,0,,4,5,1,,5,4,1,,3,6,1,,6,6.0,6.0,,6,6.0,6.0,,6,6.0,4.0,,true,true,true,,6,6.0,5.0,,6,6.0,6.0,,6,6.0,6.0,,6,6.0,6.0,,6,6.0,6.0,,48.124,38.59,37.682,0.0,28.340000000000003,21.8,11.99,0.0,54.480000000000004,54.480000000000004,47.67,0.0,54.480000000000004,54.480000000000004,54.480000000000004,0.0,185.42400000000004,169.35000000000002,151.822,0.0
0,699426b305113343f561b4c6,24,Woman,Masters,SPANISH,ENGLISH,FRENCH,GERMAN,NO,BLP,20,16.0,10.0,2.0,20,20.0,5.0,0.0,18,20.0,17.0,20.0,20,2.0,0.0,3.0,20,1.0,0.0,3.0,20,15.0,0.0,3.0,10,0,0,0,10,0,0,0,5,4,0,1,5,5,0,0,10,0,0,0,6,6.0,0.0,2.0,6,6.0,3.0,1.0,6,6.0,3.0,1.0,true,true,true,true,6,6.0,1.0,1.0,6,6.0,0.0,0.0,6,6.0,0.0,0.0,6,6.0,0.0,0.0,6,0.0,0.0,0.0,53.572,33.596000000000004,14.528,14.074,43.6,9.81,10.9,1.09,54.480000000000004,54.480000000000004,15.89,11.35,54.480000000000004,40.86,0.0,0.0,206.132,138.746,41.318,26.514
0,6998a16a9147ebdebf871a82,24,Man,College,Arabic,English,French,n/a,no,BLP,20,14.0,9.0,,20,9.0,6.0,,15,10.0,6.0,,20,4.0,0.0,,20,1.0,0.0,,20,2.0,0.0,,9,1,0,,9,1,0,,5,5,0,,9,1,0,,3,6,1,,6,5.0,1.0,,6,5.0,1.0,,6,4.0,1.0,,true,true,true,,6,5.0,1.0,,6,4.0,1.0,,6,4.0,0.0,,6,4.0,0.0,,6,6.0,0.0,,52.21,18.16,9.534,0.0,38.150000000000006,15.260000000000002,10.9,0.0,54.480000000000004,43.13,9.08,0.0,54.480000000000004,40.86,2.27,0.0,199.32000000000005,117.41000000000001,31.784000000000002,0.0
0,6998ed35ce310d26bcf802aa,18,Woman,HighSchool,Spanish ,English ,n/a,n/a,No,BLP,20,10.0,,,20,4.0,,,13,7.0,,,18,0.0,,,18,0.0,,,2,0.0,,,10,0,,,10,0,,,9,1,,,10,0,,,9,1,,,6,3.0,,,6,3.0,,,6,4.0,,,true,true,,,6,3.0,,,6,2.0,,,6,2.0,,,6,1.0,,,6,0.0,,,41.314,9.534,0.0,0.0,52.32000000000001,2.18,0.0,0.0,54.480000000000004,29.51,0.0,0.0,54.480000000000004,11.35,0.0,0.0,202.59400000000005,52.574000000000005,0.0,0.0
0,699c7585ca22df8b1bf087fe,22,Man,MinusCollege,Arabic,English,German,n/a,n/a,BLP,20,15.0,11.0,,20,6.0,0.0,,20,20.0,0.0,,20,0.0,0.0,,20,0.0,0.0,,20,2.0,0.0,,9,1,0,,10,0,0,,7,3,0,,9,1,0,,9,1,0,,6,5.0,2.0,,6,6.0,2.0,,6,6.0,2.0,,true,true,true,,6,6.0,1.0,,6,5.0,1.0,,6,6.0,2.0,,6,6.0,2.0,,6,6.0,1.0,,54.480000000000004,19.522000000000002,4.994,0.0,47.96,6.540000000000001,10.9,0.0,54.480000000000004,52.21,15.89,0.0,54.480000000000004,52.21,13.620000000000001,0.0,211.40000000000003,130.482,45.403999999999996,0.0
0,69a56a100ee2dc518e8c415c,22,Man,College,Arabic,English,n/a,n/a,no,BLP,20,10.0,,,11,7.0,,,12,9.0,,,20,20.0,,,20,0.0,,,20,1.0,,,5,5,,,7,3,,,8,2,,,2,8,,,4,6,,,6,6.0,,,5,5.0,,,6,6.0,,,true,true,,,6,6.0,,,6,6.0,,,6,2.0,,,6,6.0,,,6,6.0,,,46.762,21.338,0.0,0.0,28.340000000000003,26.160000000000004,0.0,0.0,52.21,52.21,0.0,0.0,54.480000000000004,45.4,0.0,0.0,181.79200000000003,145.108,0.0,0.0
0,69a5dbac7321bbc23b76cb30,21,Woman,MinusCollege,Spanish,English,n/a,n/a,no,BLP,20,15.0,,,20,8.0,,,18,12.0,,,20,0.0,,,20,0.0,,,20,13.0,,,8,2,,,10,0,,,7,3,,,6,4,,,8,2,,,6,5.0,,,6,5.0,,,6,6.0,,,true,true,,,5,4.0,,,6,4.0,,,6,2.0,,,6,6.0,,,6,4.0,,,53.572,21.792,0.0,0.0,42.510000000000005,11.99,0.0,0.0,52.21,45.4,0.0,0.0,54.480000000000004,36.32,0.0,0.0,202.772,115.50200000000001,0.0,0.0
0,69a5e91eee249ee63d49f9ca,18,Woman,HighSchool,Dutch,English,n/a,n/a,Yes,BLP,20,16.0,,,20,12.0,,,12,12.0,,,18,18.0,,,18,18.0,,,18,10.0,,,10,0,,,10,0,,,9,1,,,7,3,,,8,2,,,6,6.0,,,6,6.0,,,6,6.0,,,true,true,,,5,5.0,,,6,6.0,,,6,6.0,,,6,4.0,,,6,5.0,,,48.124,39.044000000000004,0.0,0.0,47.96,6.540000000000001,0.0,0.0,52.21,52.21,0.0,0.0,54.480000000000004,47.67,0.0,0.0,202.774,145.464,0.0,0.0
0,69a6f5f930a06e13c4593d9d,22,Man,MinusCollege,English,Spanish,n/a,n/a,No,BLP,20,20.0,,,20,20.0,,,20,20.0,,,20,20.0,,,20,20.0,,,20,20.0,,,6,4,,,5,5,,,8,2,,,8,2,,,6,4,,,6,6.0,,,6,6.0,,,6,6.0,,,true,true,,,6,6.0,,,6,6.0,,,6,6.0,,,6,6.0,,,6,6.0,,,54.480000000000004,54.480000000000004,0.0,0.0,35.970000000000006,18.53,0.0,0.0,54.480000000000004,54.480000000000004,0.0,0.0,54.480000000000004,54.480000000000004,0.0,0.0,199.41000000000003,181.97000000000003,0.0,0.0
0,69a81ed11957a0f6e26144d2,23,Woman,College,Arabic,English,n/a,n/a,n/a,BLP,20,15.0,,,20,13.0,,,12,12.0,,,20,0.0,,,20,0.0,,,20,5.0,,,7,3,,,10,0,,,5,5,,,10,0,,,0,10,,,6,4.0,,,6,6.0,,,6,6.0,,,true,true,,,6,6.0,,,6,4.0,,,6,0.0,,,6,5.0,,,6,6.0,,,50.848,20.43,0.0,0.0,34.88,19.62,0.0,0.0,54.480000000000004,49.94,0.0,0.0,54.480000000000004,34.05,0.0,0.0,194.68800000000005,124.03999999999999,0.0,0.0
0,69aca66948779f79eefc2152,23,Man,Masters,Spanish,English,n/a,n/a,n/a,BLP,20,10.0,,,20,6.0,,,20,13.0,,,20,0.0,,,20,0.0,,,20,1.0,,,9,1,,,10,0,,,6,4,,,9,1,,,9,1,,,6,4.0,,,6,5.0,,,6,5.0,,,true,true,,,6,5.0,,,6,5.0,,,6,3.0,,,6,6.0,,,6,4.0,,,54.480000000000004,13.620000000000001,0.0,0.0,46.870000000000005,7.630000000000001,0.0,0.0,54.480000000000004,43.13,0.0,0.0,54.480000000000004,40.86,0.0,0.0,210.31,105.24,0.0,0.0
0,69aebf5ccbf8f23f086f7b6c,19,Woman,College,Catalan,Spanish,English,n/a,No,BLP,20,20.0,17.0,,20,15.0,12.0,,19,19.0,15.0,,19,19.0,0.0,,19,19.0,0.0,,19,19.0,0.0,,8,2,0,,9,1,0,,7,3,0,,10,0,0,,10,0,0,,6,6.0,4.0,,6,6.0,5.0,,6,6.0,5.0,,true,true,true,,6,6.0,5.0,,6,5.0,4.0,,6,1.0,0.0,,6,1.0,0.0,,6,1.0,0.0,,52.664,50.394,19.976,0.0,47.96,6.540000000000001,9.81,0.0,54.480000000000004,54.480000000000004,43.13,0.0,54.480000000000004,18.16,9.08,0.0,209.584,129.574,81.996,0.0
0,69aeec32d642e2a0092f6452,22,Man,College,Arabic,English,n/a,n/a,NO,BLP,20,5.0,,,15,1.0,,,12,5.0,,,20,0.0,,,20,0.0,,,5,2.0,,,8,2,,,9,1,,,7,3,,,8,2,,,3,7,,,6,4.0,,,6,5.0,,,6,5.0,,,true,true,,,6,4.0,,,6,5.0,,,6,2.0,,,6,5.0,,,5,5.0,,,41.768,5.902,0.0,0.0,38.150000000000006,16.35,0.0,0.0,54.480000000000004,40.86,0.0,0.0,52.21,38.59,0.0,0.0,186.60800000000003,101.702,0.0,0.0
0,69aeee44187fdda005ab835b,24,Man,College,Arabic,English,n/a,n/a,n/a,BLP,19,13.0,,,15,10.0,,,12,19.0,,,20,20.0,,,20,15.0,,,20,20.0,,,9,1,,,9,1,,,8,2,,,9,1,,,9,1,,,6,4.0,,,6,5.0,,,6,4.0,,,true,true,,,6,5.0,,,6,6.0,,,6,3.0,,,6,5.0,,,6,6.0,,,48.124,44.038000000000004,0.0,0.0,47.96,6.540000000000001,0.0,0.0,54.480000000000004,40.86,0.0,0.0,54.480000000000004,45.4,0.0,0.0,205.04400000000004,136.838,0.0,0.0
0,69af1632fa81c6ae5d2df790,25,Woman,College,Arabic,English,n/a,n/a,No,BLP,20,15.0,,,20,5.0,,,20,20.0,,,20,0.0,,,20,0.0,,,5,7.0,,,10,0,,,10,0,,,3,7,,,9,1,,,9,1,,,6,5.0,,,6,5.0,,,6,5.0,,,true,true,,,6,5.0,,,6,3.0,,,6,3.0,,,6,5.0,,,6,5.0,,,47.67,21.338,0.0,0.0,44.690000000000005,9.81,0.0,0.0,54.480000000000004,45.4,0.0,0.0,54.480000000000004,36.32,0.0,0.0,201.32000000000005,112.868,0.0,0.0
0,69af34e771ce9d065c0d9d80,23,Man,College,Arabic,English,n/a,n/a,no,BLP,20,15.0,,,20,14.0,,,16,14.0,,,20,20.0,,,20,20.0,,,20,5.0,,,9,1,,,10,0,,,6,4,,,10,0,,,9,1,,,6,4.0,,,6,6.0,,,6,6.0,,,true,true,,,6,4.0,,,6,2.0,,,6,1.0,,,6,2.0,,,6,2.0,,,52.664,39.952,0.0,0.0,47.96,6.540000000000001,0.0,0.0,54.480000000000004,45.4,0.0,0.0,54.480000000000004,15.89,0.0,0.0,209.584,107.782,0.0,0.0
0,69b0960f30730461ec1d57b1,22,Man,College,Spanish,English,French,Catalan,No,BLP,20,17.0,8.0,15.0,20,12.0,4.0,10.0,20,17.0,6.0,0.0,20,1.0,0.0,0.0,20,0.0,0.0,0.0,2,2.0,2.0,2.0,7,2,1,0,7,1,1,1,5,3,1,1,5,4,1,0,7,2,1,0,6,5.0,3.0,2.0,6,6.0,4.0,4.0,6,6.0,5.0,4.0,true,true,true,true,6,6.0,5.0,5.0,6,6.0,4.0,2.0,6,0.0,0.0,0.0,6,6.0,6.0,6.0,6,0.0,0.0,0.0,46.308,22.246000000000002,9.08,12.258000000000001,33.79,13.080000000000002,11.99,2.18,54.480000000000004,52.21,38.59,34.05,54.480000000000004,27.240000000000002,22.7,18.16,189.058,114.77600000000001,82.36,66.648
0,69b168262adfe7b4609a9209,23,Man,College,English,French,n/a,n/a,n/a,BLP,20,10.0,,,20,2.0,,,12,8.0,,,20,0.0,,,20,0.0,,,20,0.0,,,10,0,,,10,0,,,10,0,,,9,1,,,9,1,,,6,2.0,,,6,3.0,,,6,3.0,,,true,true,,,6,1.0,,,6,0.0,,,6,1.0,,,6,2.0,,,6,0.0,,,50.848,9.08,0.0,0.0,52.32000000000001,2.18,0.0,0.0,54.480000000000004,20.43,0.0,0.0,54.480000000000004,6.8100000000000005,0.0,0.0,212.12800000000004,38.5,0.0,0.0
0,69b52f9256ef2162a97fbebc,24,Man,PlusCollege,English,Hindi,n/a,n/a,n/a,BLP,19,19.0,,,16,16.0,,,12,20.0,,,20,20.0,,,20,20.0,,,4,4.0,,,7,3,,,5,5,,,8,2,,,8,2,,,9,1,,,6,6.0,,,6,6.0,,,6,6.0,,,true,true,,,6,6.0,,,6,4.0,,,5,6.0,,,6,5.0,,,5,6.0,,,41.314,44.946,0.0,0.0,40.330000000000005,14.170000000000002,0.0,0.0,54.480000000000004,54.480000000000004,0.0,0.0,49.94,47.67,0.0,0.0,186.06400000000002,161.26600000000002,0.0,0.0
0,69b81e444b794cbe8947b065,19,Man,MinusCollege,arabic,english,german,n/a,no,BLP,20,17.0,12.0,,20,6.0,4.0,,12,15.0,0.0,,19,0.0,0.0,,19,0.0,0.0,,0,0.0,0.0,,8,2,0,,9,1,0,,6,3,1,,9,1,0,,5,5,0,,6,4.0,2.0,,6,6.0,1.0,,6,6.0,2.0,,true,true,true,,6,6.0,1.0,,6,4.0,0.0,,6,2.0,0.0,,6,6.0,3.0,,4,6.0,6.0,,40.86,17.252,7.264,0.0,40.330000000000005,13.080000000000002,10.9,0.0,54.480000000000004,49.94,13.620000000000001,0.0,49.94,40.86,20.43,0.0,185.61,121.13199999999999,52.214,0.0
0,69bbe66ef888cc3fc9405de9,22,Man,College,French,English,Spanish,n/a,no,BLP,20,12.0,0.0,,20,9.0,0.0,,16,10.0,2.0,,20,1.0,0.0,,20,0.0,0.0,,20,0.0,0.0,,7,2,1,,10,0,0,,8,2,0,,5,5,0,,7,3,0,,6,6.0,1.0,,6,6.0,1.0,,6,6.0,2.0,,true,true,true,,6,6.0,0.0,,6,6.0,0.0,,6,3.0,0.0,,6,6.0,4.0,,6,6.0,3.0,,52.664,14.528,0.908,0.0,40.330000000000005,13.080000000000002,11.99,0.0,54.480000000000004,54.480000000000004,9.08,0.0,54.480000000000004,47.67,15.89,0.0,201.954,129.758,37.868,0.0
0,69bc58df28cbddd60a341a03,20,Man,HighSchool,Arabic,English,German,n/a,n/a,BLP,20,8.0,1.0,,20,4.0,0.0,,17,17.0,1.0,,20,0.0,0.0,,20,0.0,0.0,,4,2.0,0.0,,7,2,1,,10,0,0,,5,5,0,,9,1,0,,7,2,1,,6,5.0,1.0,,6,5.0,1.0,,6,5.0,1.0,,true,true,true,,6,5.0,1.0,,6,5.0,1.0,,6,5.0,1.0,,6,6.0,6.0,,6,6.0,6.0,,45.854,14.074,0.908,0.0,41.42,10.9,13.080000000000002,0.0,54.480000000000004,45.4,9.08,0.0,54.480000000000004,49.94,31.78,0.0,196.23400000000004,120.314,54.848,0.0
0,69c1120111926f72009dde4d,18,Man,MinusCollege,French,English,Spanish,n/a,n/a,BLP,20,10.0,3.0,,20,5.0,0.0,,18,5.0,1.0,,18,0.0,0.0,,18,0.0,0.0,,18,0.0,0.0,,9,1,0,,10,0,0,,8,1,1,,8,2,0,,7,2,1,,6,5.0,1.0,,6,6.0,1.0,,6,6.0,1.0,,true,true,true,,6,5.0,1.0,,6,6.0,1.0,,6,6.0,1.0,,6,5.0,1.0,,6,5.0,2.0,,50.848,9.08,1.816,0.0,45.78,6.540000000000001,13.080000000000002,0.0,54.480000000000004,49.94,9.08,0.0,54.480000000000004,49.94,11.35,0.0,205.58800000000002,115.5,35.326,0.0
0,69c147cc355c3af96875e729,19,Man,HighSchool,Arabic ,english,n/a ,n/a,no,BLP,20,15.0,20.0,,20,13.0,20.0,,4,4.0,0.0,,19,0.0,0.0,,19,0.0,0.0,,19,10.0,0.0,,10,0,0,,10,0,0,,9,1,0,,10,0,0,,9,1,0,,6,4.0,0.0,,6,5.0,0.0,,6,5.0,0.0,,true,true,true,,6,5.0,0.0,,6,3.0,0.0,,6,0.0,0.0,,6,6.0,0.0,,6,5.0,0.0,,45.854,19.068,18.16,0.0,52.32000000000001,2.18,10.9,0.0,54.480000000000004,43.13,0.0,0.0,54.480000000000004,31.78,0.0,0.0,207.13400000000001,96.158,29.060000000000002,0.0
0,69c2a6ec39af7c4c4c681804,23,Woman,College,English,n/a,n/a,n/a,No,BLP,20,,,,20,,,,20,,,,20,,,,20,,,,3,,,,10,,,,10,,,,10,,,,10,,,,10,,,,6,,,,6,,,,6,,,,true,,,,6,,,,6,,,,5,,,,6,,,,6,,,,46.762,0.0,0.0,0.0,54.50000000000001,0.0,0.0,0.0,54.480000000000004,0.0,0.0,0.0,52.21,0.0,0.0,0.0,207.95200000000003,0.0,0.0,0.0
0,69c4d00086c2b4a1a8dc2191,25,Man,College,arabic,english,n/a,n/a,n/a,BLP,20,15.0,,,20,20.0,,,17,17.0,,,20,0.0,,,20,0.0,,,20,5.0,,,8,2,,,10,0,,,5,5,,,8,2,,,7,3,,,6,5.0,,,6,6.0,,,6,6.0,,,true,true,,,6,6.0,,,5,6.0,,,6,5.0,,,4,6.0,,,4,6.0,,,53.118,25.878,0.0,0.0,41.42,13.080000000000002,0.0,0.0,54.480000000000004,52.21,0.0,0.0,43.13,52.21,0.0,0.0,192.14800000000002,143.37800000000001,0.0,0.0
0,69c653159fc262f6ae945f2c,23,Man,College,Dutch,English,N/A,N/A,N/A,BLP,17,10.0,,,20,1.0,,,19,6.0,,,20,0.0,,,20,0.0,,,2,1.0,,,6,4,,,10,0,,,7,3,,,6,4,,,7,3,,,5,4.0,,,5,5.0,,,4,4.0,,,true,true,,,4,3.0,,,4,5.0,,,5,4.0,,,5,6.0,,,6,5.0,,,44.492000000000004,8.172,0.0,0.0,39.24,15.260000000000002,0.0,0.0,40.86,36.32,0.0,0.0,45.4,45.4,0.0,0.0,169.992,105.152,0.0,0.0
0,69ca93b861a695b1c1eec106,19,Woman,MinusHighSchool,Dutch,English,n/a,n/a,No,BLP,20,13.0,,,20,10.0,,,7,0.0,,,19,0.0,,,19,0.0,,,0,0.0,,,6,4,,,10,0,,,10,0,,,7,3,,,9,1,,,6,5.0,,,6,6.0,,,6,6.0,,,true,true,,,5,6.0,,,6,5.0,,,6,4.0,,,6,6.0,,,6,3.0,,,38.59,10.442,0.0,0.0,45.78,8.72,0.0,0.0,52.21,52.21,0.0,0.0,54.480000000000004,40.86,0.0,0.0,191.06,112.232,0.0,0.0
0,69cff69eb8da20e1ea8a2fbe,18,Man,PlusCollege,English,Urdu,French,n/a,No,BLP,20,13.0,6.0,,20,9.0,3.0,,12,0.0,4.0,,18,1.0,18.0,,18,18.0,0.0,,6,0.0,6.0,,8,1,1,,8,1,1,,8,1,1,,10,0,0,,10,0,0,,6,5.0,4.0,,6,6.0,5.0,,6,3.0,3.0,,true,true,true,,6,3.0,4.0,,6,6.0,6.0,,6,6.0,2.0,,6,6.0,6.0,,6,6.0,6.0,,42.676,18.614,16.798000000000002,0.0,47.96,3.2700000000000005,10.9,0.0,54.480000000000004,38.59,36.32,0.0,54.480000000000004,54.480000000000004,45.4,0.0,199.596,114.95400000000001,109.418,0.0
0,69d25ddbd1a5851c7aa92ad3,25,Woman,College,Hindi,English,Punjabi,Nepali,"Odia, Japanese",BLP,20,18.0,20.0,20.0,20,15.0,20.0,17.0,16,20.0,16.0,0.0,20,20.0,20.0,20.0,20,15.0,20.0,20.0,1,1.0,1.0,0.0,5,5,0,0,2,0,7,1,5,5,0,0,1,2,7,0,0,5,5,0,6,6.0,6.0,3.0,6,6.0,6.0,5.0,6,6.0,6.0,4.0,true,true,true,true,6,6.0,6.0,1.0,0,2.0,6.0,0.0,6,0.0,6.0,6.0,6,6.0,6.0,2.0,6,6.0,6.0,6.0,44.038000000000004,40.406,44.038000000000004,34.958,14.170000000000002,18.53,15.260000000000002,1.09,54.480000000000004,54.480000000000004,54.480000000000004,29.51,40.86,31.78,54.480000000000004,31.78,153.548,145.196,168.258,97.33800000000001
0,69d62066fd5570ddfaee9725,25,Man,PlusCollege,english,french,germany,na,na,BLP,18,16.0,16.0,,18,16.0,16.0,,13,14.0,14.0,,20,14.0,14.0,,20,14.0,14.0,,2,1.0,1.0,,6,2,2,,8,1,1,,10,0,0,,8,1,1,,8,1,1,,6,4.0,4.0,,6,5.0,5.0,,6,5.0,5.0,,true,true,true,,6,6.0,6.0,,6,6.0,6.0,,6,5.0,5.0,,6,5.0,5.0,,6,6.0,6.0,,41.314,34.050000000000004,34.050000000000004,0.0,43.6,5.45,13.080000000000002,0.0,54.480000000000004,45.4,45.4,0.0,54.480000000000004,49.94,49.94,0.0,193.87400000000002,134.84,142.47,0.0
0,69d648d33057d63617173b85,18,Man,HighSchool,French,English,n/a,n/a,n/a,BLP,20,12.0,,,16,6.0,,,15,10.0,,,18,0.0,,,18,0.0,,,0,,,,9,1,,,9,1,,,7,3,,,10,0,,,9,1,,,6,4.0,,,6,5.0,,,6,5.0,,,true,true,,,6,4.0,,,6,4.0,,,5,1.0,,,6,0.0,,,6,0.0,,,39.498000000000005,0.0,0.0,0.0,47.96,6.540000000000001,0.0,0.0,54.480000000000004,40.86,0.0,0.0,52.21,11.35,0.0,0.0,194.148,58.75,0.0,0.0
0,69d66f2bcd1bac4e9bbdddc3,25,Man,College,English,German,n/a,n/a,n/a,BLP,19,0.0,,,10,0.0,,,20,2.0,,,20,1.0,,,20,0.0,,,20,1.0,,,7,3,,,10,0,,,3,7,,,8,2,,,8,2,,,6,3.0,,,6,4.0,,,6,5.0,,,true,true,,,6,4.0,,,6,2.0,,,4,2.0,,,6,6.0,,,6,5.0,,,49.486000000000004,1.816,0.0,0.0,39.24,15.260000000000002,0.0,0.0,54.480000000000004,36.32,0.0,0.0,49.94,34.05,0.0,0.0,193.14600000000002,87.446,0.0,0.0
0,69d7cd471aa7b7397313cb1f,24,Man,Masters,English,dutch,German,n/a,no,BLP,20,9.0,3.0,,16,5.0,0.0,,20,13.0,7.0,,20,0.0,0.0,,20,0.0,0.0,,20,0.0,0.0,,9,0,1,,9,0,1,,8,0,2,,7,1,2,,7,1,2,,6,2.0,4.0,,6,3.0,4.0,,6,1.0,1.0,,true,true,true,,6,4.0,2.0,,6,4.0,3.0,,4,3.0,4.0,,6,3.0,4.0,,6,3.0,4.0,,52.664,12.258000000000001,4.54,0.0,43.6,2.18,17.44,0.0,54.480000000000004,22.7,24.97,0.0,49.94,29.51,34.05,0.0,200.68400000000003,66.648,81.0,0.0
0,69d8b313ae434f632a305c9b,26,Woman,PlusCollege,English,Dutch,French,German,yes,BLP,19,10.0,8.0,0.0,15,4.0,0.0,0.0,20,8.0,3.0,3.0,15,6.0,2.0,3.0,20,3.0,2.0,2.0,20,3.0,2.0,1.0,5,2,2,1,8,1,1,0,5,2,1,2,7,2,1,0,8,1,1,0,6,3.0,2.0,1.0,6,3.0,3.0,2.0,6,3.0,2.0,1.0,true,true,true,true,6,1.0,1.0,1.0,6,2.0,1.0,1.0,6,2.0,1.0,1.0,6,3.0,2.0,2.0,6,2.0,1.0,1.0,49.486000000000004,15.436,7.718,4.086,35.970000000000006,8.72,14.170000000000002,3.2700000000000005,54.480000000000004,22.7,18.16,11.35,54.480000000000004,20.43,11.35,11.35,194.41600000000005,67.286,51.398,30.055999999999997
0,69dac423e2591f3cbc0dcad7,19,Man,MinusCollege,German,English,n/a,n/a,Some Latin,BLP,20,13.0,,,20,6.0,,,12,9.0,,,19,0.0,,,19,0.0,,,0,0.0,,,10,0,,,10,0,,,10,0,,,7,3,,,10,0,,,6,4.0,,,6,5.0,,,6,5.0,,,true,true,,,5,4.0,,,6,3.0,,,6,1.0,,,6,3.0,,,6,0.0,,,40.86,12.712,0.0,0.0,51.230000000000004,3.2700000000000005,0.0,0.0,52.21,40.86,0.0,0.0,54.480000000000004,15.89,0.0,0.0,198.78000000000003,72.732,0.0,0.0
0,69dcfc3bcb3d5759729e920e,20,Man,HighSchool,Japanese,Chinese,English,n/a,No,BLP,20,20.0,10.0,,20,20.0,5.0,,9,0.0,6.0,,1,18.0,2.0,,20,20.0,0.0,,0,0.0,0.0,,0,0,10,,8,2,0,,0,0,10,,7,0,3,,8,0,2,,6,6.0,6.0,,6,6.0,6.0,,6,6.0,6.0,,true,true,true,,6,4.0,6.0,,6,6.0,6.0,,6,6.0,0.0,,6,6.0,6.0,,6,6.0,6.0,,31.78,35.412,10.442,0.0,25.07,2.18,35.970000000000006,0.0,54.480000000000004,49.94,54.480000000000004,0.0,54.480000000000004,54.480000000000004,40.86,0.0,165.81,142.012,141.752,0.0
0,69df940e45bb58f49783baac,21,Woman,MinusCollege,Engish,German,French,n/a,n/a,BLP,20,13.0,8.0,,20,10.0,4.0,,20,10.0,4.0,,5,10.0,0.0,,20,10.0,0.0,,2,7.0,0.0,,2,8,0,,8,2,0,,5,5,0,,7,2,1,,6,3,1,,6,5.0,3.0,,6,6.0,4.0,,6,6.0,5.0,,true,true,true,,6,6.0,2.0,,6,6.0,3.0,,6,5.0,3.0,,6,6.0,6.0,,6,6.0,6.0,,39.498000000000005,27.240000000000002,7.264,0.0,30.520000000000003,21.8,10.9,0.0,54.480000000000004,52.21,31.78,0.0,54.480000000000004,52.21,40.86,0.0,178.978,153.46,90.804,0.0
0,69e0e73998a997f72e680509,20,Man,College,english,n/a,n/a,n/a,no,BLP,20,,,,18,,,,12,,,,20,,,,20,,,,20,,,,10,,,,10,,,,10,,,,10,,,,10,,,,6,,,,6,,,,6,,,,true,,,,6,,,,6,,,,6,,,,6,,,,6,,,,49.940000000000005,0.0,0.0,0.0,54.50000000000001,0.0,0.0,0.0,54.480000000000004,0.0,0.0,0.0,54.480000000000004,0.0,0.0,0.0,213.40000000000003,0.0,0.0,0.0
0,69e258d883661ada98acc7ee,20,Woman,MinusCollege,English,n/a,n/a,n/a,no,BLP,20,,,,20,,,,15,,,,20,,,,20,,,,2,,,,10,,,,10,,,,10,,,,10,,,,10,,,,6,,,,6,,,,6,,,,true,,,,6,,,,6,,,,6,,,,6,,,,6,,,,44.038000000000004,0.0,0.0,0.0,54.50000000000001,0.0,0.0,0.0,54.480000000000004,0.0,0.0,0.0,54.480000000000004,0.0,0.0,0.0,207.49800000000005,0.0,0.0,0.0
0,69e266c172efe398cfc4c52d,18,Woman,HighSchool,English,n/a,n/a,n/a,No,BLP,20,,,,0,,,,18,,,,18,,,,18,,,,0,,,,10,,,,10,,,,10,,,,10,,,,10,,,,6,,,,6,,,,6,,,,true,,,,6,,,,6,,,,6,,,,5,,,,3,,,,33.596000000000004,0.0,0.0,0.0,54.50000000000001,0.0,0.0,0.0,54.480000000000004,0.0,0.0,0.0,45.4,0.0,0.0,0.0,187.97600000000003,0.0,0.0,0.0
0,69e50234165d341516973996,22,Man,Masters,Darija,French,english,n/a,no,BLP,19,16.0,8.0,,19,15.0,0.0,,0,20.0,10.0,,20,2.0,0.0,,20,20.0,0.0,,20,18.0,2.0,,0,2,8,,10,0,0,,0,2,8,,5,1,4,,4,3,3,,6,6.0,6.0,,6,6.0,6.0,,6,6.0,5.0,,true,true,true,,6,5.0,4.0,,6,4.0,6.0,,6,0.0,3.0,,6,2.0,4.0,,6,0.0,3.0,,44.492000000000004,41.314,9.08,0.0,20.71,8.72,35.970000000000006,0.0,54.480000000000004,52.21,47.67,0.0,54.480000000000004,13.620000000000001,36.32,0.0,174.162,115.864,129.04,0.0
0,69e511fc6bace0c078531c15,19,Woman,College,Englosh,Dutch,N/A,N/A,YES,BLP,20,9.0,,,20,5.0,,,19,10.0,,,19,6.0,,,19,10.0,,,19,2.0,,,7,3,,,9,1,,,9,1,,,10,0,,,10,0,,,6,3.0,,,6,4.0,,,6,3.0,,,true,true,,,6,2.0,,,6,3.0,,,6,1.0,,,6,2.0,,,6,3.0,,,52.664,19.068,0.0,0.0,49.050000000000004,5.45,0.0,0.0,54.480000000000004,27.240000000000002,0.0,0.0,54.480000000000004,20.43,0.0,0.0,210.67400000000004,72.188,0.0,0.0
0,69e549ba0b6a44f0ec2b09cc,20,Woman,College,english,n/a,n/a,n/a,no,BLP,20,,,,20,,,,20,,,,20,,,,20,,,,20,,,,10,,,,10,,,,10,,,,10,,,,10,,,,6,,,,6,,,,6,,,,true,,,,6,,,,6,,,,6,,,,6,,,,6,,,,54.480000000000004,0.0,0.0,0.0,54.50000000000001,0.0,0.0,0.0,54.480000000000004,0.0,0.0,0.0,54.480000000000004,0.0,0.0,0.0,217.94000000000005,0.0,0.0,0.0
0,69e743c5f506b9499e8fa3f9,21,Man,PlusCollege,English,n/a,n/a,n/a,no,BLP,17,,,,15,,,,12,,,,20,,,,20,,,,20,,,,10,,,,10,,,,10,,,,10,,,,10,,,,6,,,,6,,,,6,,,,true,,,,6,,,,6,,,,6,,,,6,,,,6,,,,47.216,0.0,0.0,0.0,54.50000000000001,0.0,0.0,0.0,54.480000000000004,0.0,0.0,0.0,54.480000000000004,0.0,0.0,0.0,210.67600000000004,0.0,0.0,0.0
0,69e90048f00cb9113be223d3,22,Man,HighSchool,spanish,english,french,n/a,no,BLP,20,17.0,12.0,,20,13.0,0.0,,12,16.0,8.0,,20,0.0,0.0,,20,0.0,0.0,,20,0.0,0.0,,10,0,0,,9,1,0,,10,0,0,,9,1,0,,10,0,0,,6,6.0,2.0,,6,6.0,3.0,,6,6.0,2.0,,true,true,true,,6,6.0,1.0,,6,6.0,0.0,,6,0.0,0.0,,6,6.0,0.0,,6,0.0,0.0,,50.848,20.884,9.08,0.0,52.32000000000001,2.18,9.81,0.0,54.480000000000004,54.480000000000004,18.16,0.0,54.480000000000004,27.240000000000002,0.0,0.0,212.12800000000004,104.78400000000002,37.05,0.0
